爷就是那么有风度,但我等,順其琪然,生命在继续,泡沫易醉i,未离开,淚絡橋沐,故人怎追忆,樱花落尽泪已下,温暖不到心里
奇葩硬汉,难抉择,谁人陪,做有用的人,缺人泡,旧街古人,天已灰梦早碎,远离你不受伤害,焚苦与心,都是谎言
薄荷微光少年时C,淡紫幽香,中国小伙个个帅,改变命运,夜未央i,百年孤寂,回忆中的你,早已看透丗界凉薄,回忆掀起了疼痛,哪有胖子不忧伤
_____果冻先森,青葱逝去,白头不偕老,青狂不轻狂,柳序生,夜起南风,忘眼慾穿的等待,没人娶的俊小妞,我想前任,勾画你残缺的愛
长衫先生,傲剑东方,霸欲天下,别勉强,相信我,冷拥,寂寞锝街噵,心诉,忆路凉心,空城旅人
败给没头脑,邮寄人,北京小痞子i,怒放的理想,烟罐子,当你听我说,卻刪不掉思念,无奈人生,最落寞的女孩,背判无处不在
帅到自然醒,时间煮雨,丢掉任性当逗比i,追夢赤子心,故情,命里缺个你,枯榾,遮掩,爱情你不要走,年华老去
胡子先生,牵手看日落,大橙先生,壮志凌云,尽悲欢,蓝毛怪i,誰知紅顔涙,静静的消逝,孤城凉梦,心云间聆听
他帅不过我,眼眸里的阳光,不问世事田园归隐,青梅流年,折翼天使不孤单,读心的能力,清歌孤我,孤独是我妻,早知是梦,音符的回憶
黑米哥哥,王者的路注定孤独,活在刀口,星空伪装的忧蓝,烟嗓,窃听,菢箛諷,情人节你和她好吗,梦醒处泪染颊,一半忧伤
冷眼旁观装B狗,钢铁男儿,爱的思密达,子戈,旅人,倒戈,一抹自嘲的残笑,埋没我的痴狂,念着旧伤,孤影寒峰
,花开彼岸,时光爱人,狂风,孤木,,栢熾孤夢,怨风离愁人,漫漫长夜别流泪,失心而疼
称霸酷比,颓败,一指乾坤,天道酬勤,理想国度,远方,难免心痛,捂着心脏说胃疼,爱深了你就走了,烟雾吐不出哀伤
如此妩媚的男人,草尖上的花泪,专治吹牛必,重新来过,自强不息,滚出我的心,玩偶,我已伤痕累累,此处凉生何处暖,我爱上了黑夜
爱睡觉的小飞哥,那梦卟放弃,感情是睡来的,未来不是梦,太坚强是软弱,夜袭尼姑庵,作茧显孤独,最爱的不是我,哭酒细酌,没有爱的爱
伙计你别拽,蜗牛其实很努力,欲望撕扯人性i,好好过生活,繁华散零落散为止,空心人,懜醒莈迩,心凉怎暖,深拥情话梦一场,如果失去记忆
爷的霸气你学不来,灰太狼的奋斗,动感超人,缓缓消融而去,那年夏天的回憶錄,用情浅,誐忽然缃鉃憶,喝酒总爱哭,哭湿枕头又何妨,我想我不够好
造梦先生,信念,战胜心魔,束缚我的不安,最美的風景,你的笑,笑戎悵惘,我的爱可搁可弃,哭泣说明我还爱你,白天不懂夜的黑
看透你的单纯,眞的放丅,离沫倾城,随遇而安,心海,未轻叹,注孤生,泪湿双眼,心城旧梦,伤心的回忆
神一般的男人,如梦初醒,詠恆啲诺琂,蒲公英没有秋天,拒漂,维她命,你冷了倦了我哭了,你再没有回来,是你说的要走,来份心酸
,平息了心思,漫步巴黎,初夏浅巷白衬衫,野心,做梦都在哭,没有颜色的梦,旧友终离,你的眸好敷衍,不会挽留
秒杀伱的高傲,消耗里亡逝,我不姓胡,粉色天竺,死亡,衣服又瘦了,习惯没有你的夜,孤独中绝不掉泪,怎能开口说不舍,他说分开挺好
王者绝非偶然,明显的恶意,酒倦客,行善积德行,等雨停,久伴不赱,圈养孤独,情断伊人妆,你只是玩我,完美谎言
唯我独噂,灵魂的所在,鸣琴弹,不能错的决定,花少帅帅,迟暮少年,鳦初伣,流不尽的相思泪,抽不尽的酸楚,余生梦断
不牛B咋做你男人,深海未蓝,初学者,人一定要靠自己,爱过不该爱的你,情痞,鈊囚箛島,为伊判作梦中人,抱歉我无梦赠你,错遇了你
孤独风中一匹狼,随梦而飞,谁暖了冬季,一九九几的她,捻碎温柔,不讨喜,珴芯疼的厲害,心已乱人已散,不该回忆的事,似水流年伤
Bu败De男神,发奋图强,死亡狂舞,梦境活成河流,怎忆初相逢,喵小咪,烈酒孤独,我愛上了黑夜,寥寂的快乐,抹不掉悳悲伤
爷有爷的范,踌躇满志,得不到也忘不掉,任记忆盘旋,稀釋佪憶,念旧人,空城愈孤,有苦说不出,痛苦的岁月,来不及说我爱你
金钱打造资本,逃离我推掉我的手,情难舍心难留,聆听悲伤,无法企及的光,旧朋友,内心的拉扯,再苦也要微笑,会呼吸的痛,白衣若血
沦落少年终为王,烈酒陪伴孤独,眉间泪痕,未知中的等待,泪凝于睫,命怎书,记忆丶深处,苦情女,无法言说的痛,过于牵强
威武霸气帅,不复返的爱,悲天悯人,靜靜De消逝,丢了你呼吸也艰难,其实我一直都在i,苦相思,多假多假,逝去的爱,人心不可猜透
爺独手毁天下,微笑式悲伤,坏得让人心痛的我,烟里的一缕忧愁,等待苍凉谁,心尚温,花落,苍白女子,戒不掉的忧伤,慢慢的就淡忘了
猛男打天下,表面幸福,不了了之,沧桑的回忆,懂得放手,冷眸冰泪,失溫,苍白的笑,空有我葬,只为等你一个拥抱
够狠才是男人,无谓的托词,泪倾倒温柔,那季苦笑,哭显孤单,愿你心安,怀念过去,没有如果的假设,忘不了,三生三世十里桃花
容我鄙视,点点的肉痛,回忆掩埋耳语,麻木的微笑,眼泪为你留,苦逼党,念清风,有谁真的懂我,假装不在乎,轻弹一曲梦中送
爷不是你能想象的,难忘的记忆,回忆纵然在,默念这悲伤,最初的纪念,巨坚强,饮泣,逝雪深笑意浅,碎了一地的诺言,福轻若羽
俺小时候可酷了,你的泪会说慌,一人独自催眠,回忆里没有你,消失了,来生再见吧,惨将别,荒岛孤人笑,乞许,笑望红尘
我玩命你随意,玫瑰的刺痛,抓不牢,寂寞好了,你不懂我,光辉再终结,泪目,苍苍迟暮,牵手时的记忆,物事人非事事休
哥有哥的谱,我想我疯了,默默回忆苦笑,南风暖身心却凄凉,难过泛滥成河,我长大了,算了吧,旅人泪,爱还逝,回眸醉倾城
寂寞叼烟小帅哥,一抹极端的笑,闭上眼睛默数伤痕,梦醒人已散,爱已成叹息,试着放弃,谁让谁幸福了,寂寞情人,临别那花季,曲终人终须散
你惊艳了我的时光,紧紧抱着过去,舍弃更难,心碎怎合,凄凉,我没有城府,低下头丶回忆,醉酒成梦,遗失的爱,伴生梦
狂躁不安的心,掩饰悲伤,为你我受冷风吹,失色旳瞳孔,不完美的童話,雨落残花,别再惊动记忆,掩饰的心伤,北风噬心,命为红颜
潮男风向标,她的眼睛会下雨,只能故意不去想你,心上刺青,我没爱人,孤独成性,待復制的丶愛,还爱着但却分手了,容我爱你可好,悔之晚矣
久孤的王,预见离别,回忆再美也是曾经,最凉不过人心,忆人伤,余音未凉,轻离别,所谓德爱情,还剩下些什么,相濡以沫
萌城少年,心碎的声音,累了就散吧,寂寞盘旋,使劲难受,走太远,街头丶听寂寞,我一个人,那些往事,多情戏子
,患得患失的情,你比时间凉薄,女人本该妖娆,街角丶祝福你,暖心人,垂帘落泪,如何坦然释怀,消失,彼岸花开忆流年
叼烟驱赶愁绪,还是一人,别离憔悴,被破坏的情,深深的回忆,如若不相遇,谁顾我冷暖,迷了路的幸福,落寞亦如悲伤,泪妆
Sun暖夏少年,留不住你的美,人心怕海碎,不再为你痛,输给了我以为,旧巷情书,压抑的感情,你陌生的让我害怕,冷言冷语的小伪装,愿逐月华流照君
那年那季那少年,死守一世寂寞,不想听谎言,旧梦难温,毁梦碎心,孤独成瘾,冷冻的沉默,风吹泪落,怪我难拥人心,落花摇情满江树
高端大气上档次,谁说天堂无悲伤,最后的溫存,不复存在,不醒的梦,浅夏微凉,一枕秋风两处凉,晴天娃娃的泪,只是小丑而已,花落凋零红寥落
罩不住的小帅气gg,承诺弱不禁风,黯然的苍凉,微微的思念,痛谁懂,天性凉薄,枉然如夢,如花堪折,念卿天涯,昨夜闲潭梦落花
好男人都怕老婆,我承认我忘不了你,荒岛晴空,泪无痕,相爱相杀,哎呀猪亲我,断弦,锦书寄去,绾青鸢,阡陌浓香
独自霸占你的美,为伊宽笑颜,入戏太深,看君拥佳人入怀,无声胜喧言,只靠听说,吾皇本是俏佳人,旧城以无感情,霓裳羽衣,月夜星空
没了对象省了流量,姹紫嫣红,泡沫之夏,墨描熙画,征战四方,还给你的自由,孤舟残月,独自空忆成欢,泼墨画霓裳,
此男值得擁有,青路红尘,与猪共舞,望天边星宿,惊鸿一瞥,無奈已被傷,花间一壶酒,黄粱空梦,莫路繁华终成殇,七里笙
不着调调的小男人,碧水东流,浅笑嫣然,旧楼天台,君入吾心,让爱慢慢成熟,凡夫俗子,时光凉丶春衫薄,江上月丶画中仙,朝如青丝暮成雪
对感情很偏食,紫霞仙子,月下饮茶,半旧情怀,无远思近则忧,杯酒下肚,尘世羙,撑一把青伞,一马平川,笛声寒窗影残
穿拖鞋走出高调,孤城,皇权爱人,白空映灯,一丈之内方为夫,满心荒凉i,回眸丶泪倾城,只饮烈酒不谈过往,孤枕百年,似水流年
一个人的搁浅,原始的年代,雨幕在弥散影中,众人皆醉唯我独醒,闲云清烟,怪峩冭天眞,一世浮华,红伞故人,对饮江南雨,浊酒焚
高姿态男子,花开月圆,夜稀清晰在月中,叶繁终唯枯,古道印残灯,无声胜有声,眉目传书,逍遥人世欢,繁华落幕,帝后
耍酷是爷的资本,夕阳一抹红颜,月蛮沁逝在心中,饮雪煮茶,把酒言欢,静夜漫思,伊人何故,独守空城丶只为你,尔虞我诈,樱雪之城
你不懂朕的心事,白首迟暮,茶笺油灯,半岛弥音,醉枫染墨丶支离碎,缺爱先森,一曲离殇,记忆的窗景,如诗如画,梦离
左手淡淡烟草香,紫色岁月,故人离,倾雪丶思念,思君令人老,带着梦想去旅行,白头之吟,与君共舞,烟绡弥漫在空中,陌上花
猖狂爷的资本,冰蓝梦境,仙剑问情,准风月谈,孤愿为汝倾尽天下,别放弃,伏羲丶女娲,流苏如画,啼红泪,芦苇
卑微都是为了谁,巴黎街头挚ai莲,宁死不枉为君倾,浅安时光,爱卿领旨,别让梦想只是梦想,断桥烟雨丶旧人殇,忆离笙,末路陌路细碎尘埃,伊人笑
,为卿倾此天下,笙歌乱心,南巷长歌,活色生香,当爱y成往事乀,一缄书札,一羽霓裳等君还,挽梦忆笙歌,明媚殇
承诺如何叙述,十年寒如雪,月下独酌,点缀宫妆面,朕免你一死,深夜_蹲大街,君醉相思,古韵千秋,黯然销魂月,漫游诗人
新城已无旧少年,墨纸一笔画惆怅,美人如画画美人,帘隐青灯,绾发暮年,遥祭炎黄,初安故人,忆乡客,故人载尘而归,尔笑为红颜
小爷不说爱,故人来晤,逾期不候,踏雪寻梅,青山长河,好好爱自已,不惧长久,描眉作画,酒清浊,倾城丶红顔笑
时光吹老了好少年,夏雨别夕庭,落魄女,一首日光曲,故人西辞,笑说再见,历日旷久,北慕城南,旧年枕上,长伴君侧
不着调调的少年,佟湘玉,鱼传尺愫,血染江山的画,旧时月色,狐小狸,浮世清欢,华灯绯伤凉薄人,三瓜两枣,清酒吟
帅的钩心,尘埃之里,天国佳人,折扇掩面,夜未央丶樱花落,梦想如花般盛开,花自飘零丶水自流,画扇悲风殇月夜,伴君终老,叹落笔
温存你的温柔,烟燃烟灭,易生玺爱,陌生的城市,红颜薄命,梦想启程,烟雨离殇,凉薄时光葬空城,奈何桥上长恨歌,一曲琵琶倾城梦
疯一般的男子,凌波薇步,只是故人,倾倾城,泪染倾城,无人囍,老旧照片,捂风醉枕酒清,两面生,夏末凉城空余心
妳的愛需審核,旧梦虐心,墨羽,岁月流年,吾王美如画,半生毁,青丝发,仙女味的小野猫,声声卜及女尔,晨钟暮鼓
为你烫的烟疤,再回首,陈年往事,伊人笑颜依旧,清宵尚温,梦想的天空分外蓝,与君长诀,离愁当酒,大可当众抱住我,老友人
风闻她很美,之卿,枕千古,愁恨年年长相似,侠骨柔情摧红颜,流年堇花,绾发思君,俗欲,池北鱼,故城
夢醒念紅顏,白展堂,墨城烟柳旧曲绝,不负相思引,予之笑颜,玩味,夏醉浅梦,老女人的仙女棒,吝吻,北饮清茶
一朵忧郁男子,君誓与妾三生不弃,一久便惯,白衫故人,明月下西楼,梦呓,仗剑行诗者,穿粉红袜子的猫,春风忘了矜持,恶魔女狱长
不高不帅也不富,紫竹语嫣,回眸泪倾城,伊人倾城,独酌陈酿,薄姬,氿雾,骄傲与爱,急红眼的小兔子,九几年的信
固执旳大男亽,墨染殇雪,千古罪人,回首寒暄,棠梨煎雪,沧溟,我命有他,情票,先暖清酒,映我长夜清寂
妳微笑時很美,季樱花丶落雨殇,稳握王权,清夜深林觅故人,踽踽独行,过路人,岛与木海,,挠心猫,有味是清欢
薄荷少年微微凉,白衣卿相,旧如醉,诉清风,孤存,庸情俗爱,路岷,麦浪有风,情感杂货铺,债姬
谁能给哥幸福,拂袖杨花雪,烟花易冷,浪与矜持,左语,北岛空城,温柔少女控,爱什么面子,久爱于心,眼戏
指间的余烟,瑾色如弦,素时景年一世疏离,此情可待追忆,阑珊几场,与我无关,岁笙,妄愿,方觉久,网瘾少女心
你还未来我怎敢老,风帘残烛隔霜清,一曲离歌丶泪倾城,君生我未生,青衣水袖,风如白雪,软酱奶糖,长发小鹿纯,难挽游人,辜屿
薄荷微光少年时,灯火阑珊一片景,吾皇,琴默千弦,眉眼一袭温良,浅浅笙歌,哼着老调,撩妹小天使,生性太萌,难免惶恐
独身闯天涯,伤丶半世流离,一城柳絮吹成雪,笙歌歇尽,一纸红笺,短歌,霜雪落满头,零栀,泪咽却无声,青春不愿虚度
猜不透的男人,良人情未深,把酒唱别离,亦旧怡心,无处寄笺,驸马,寻觅雨中人,酒味病态怪女,桃花羞,昨日老死
做一个拉风的男人,血染素衣泪倾城,宇文庭轩,明月多情应笑我,醉眼不逢人,畏罪,干戈挽惆怅,摘下哭的面容,放任乖張,浮夸亦不及他
女人请绕行,仰面清风,惬允,十夏九黎,良辰不负美景,蓦然,吻别心上人,撸鹿七连杀,画扇浅醉染一袭,任谁
挑剔旳男人够资本,琴断丶弦奈何,泪如雪,山穷水尽更词穷,山抹微云,心随你而去,花谢忽如雪,阿爸的小仙女,话多起腻,娇喘妓
帅的不明显,墨锦倾城染青衣,借花献人,笙歌已沫,美如冠玉,灬花落莫相离,无尾风,三生诺,揪猫软妹,熊抱啵儿
越是流泪越仰望,相思意,青灯伴古佛,挽歌渐起,清水漪澜,花事,柚旅时光机,梦息,丑女娇颜,猫腻仙女抱
独宠一女,秋水伊人,年华零落成诗,笙歌醉梦间,笙歌君独幽,季渊,当個祖宗,麓屿,私野,风喜你
请你说爱我,夜色丶未央,醉色染红颜,美人迟暮,劝君莫执意,身影,灵魂检察官,旧梦逆心,梦溺旧时港,偏执满身
烟草味的男孩,他予吾梦,挽歌朽年,笙歌欢颜,词抒笙歌,敬情,大雾里的胡同,花街伴侣,被我萌晕,织谜
爷继续堕落,一战定江山,浪荡十壹猫,画唐轻赋临江仙,疏狂几曾,葵雨,软祣,娉如画,傻萌小学妹,风蛍月缓缓
M先生,香味少女,往事叫我剪短发,笑惜,轰炸男厕所,怅惘,煽情的戏,暖风洒温瞳,仙女味小野,平胸老少女
精致的小男人R3n,爱情骗子,浮夸的想念,烟云似雪,她说上帝是姐姐,努力做好咱己,姐比澳门还傲,玖桅,糖果宝贝,倾弋
我是沵的奥利奥,妖女哪里逃,真爱在流年,墨发长垂,我是淑女,无奈的生存,花神,揪情,红颜为君美,半世纪童话
聆听你的伤,腐烂花期,恰好是梦,我把余生靠一靠,菇凉长发未及腰,順q菑然,傻女,泪三年,现实太过虚伪,潇洒小姐
疯一样的男子,情话好听却伤心,末页书角,抬首轻笑,薄情女,帅哥在哪里,我的黑色迷你裙,青灯,花一样的年华,化妆包
孤独的男孩,时光未老他已不爱,花开宿语,曼陀罗花,囧妹子,疏远我i,瘾妓,目涩,转身已陌路,笨蛋我爱你
犯二菇凉不忧伤,哭累了就笑吧,哽咽情话,风起时我会想你,女汉纸也会伤心,贱人自有定义,旧梦太美只能半醒,偏痴,闺蜜至上,夏娃
温柔不是姐的范,仍旧热忱,千人覆清歌,雪舞兮,高阳公主,我的未来不是梦,一份流年,昙花一现旳爱情,假装自己很幸福,笑的没心没肺
微笑姑娘,你的绝情让我梦醒,一腔浊泪,一笑倾人城,滥情女子,拿命搏未来,女中豪杰,烟花般的情,木槿花开,我在等青蛙
氧气少女,给姐跪下,初梗,梦回尘间几寸欢,可爱情人,悲切,囧Y囧,诱惑,你是我的心跳,如果你也听说
西窗姑娘,辣条小妹,闭眼听风,女配角,一沓情书,风情,花开花落,执着,樱花咒,老婆子
会跳舞的猫,唯你入我心,栖止你掌,神经质,你若无心我便休,取暖,那个女孩的心碎了,曲终人散,醉倾城,圣女不败
凉心女神经,繁华落尽满心凉,女神经怎么了,舍不得你,温柔小西施,夏夜,低眉浅笑,编写一段爱,偶巴桑,撒娇师奶
一克拉的梦想,抱的太用力,泪落在梦中,大小姐,人家不時卡哇伊嘛,最初的梦想,耿直妹,某个地方,公主梦,不是非要嫁给你
浅凝半夏,情话与我,,蝴蝶結,高冷女王,没有梦想何必远方,鱼吻,你给的窝心暖暖的,失心瘋,吸金女郎
忆君颜,笑红了眼,南巷暖栀,醋王学妹,花香满园,路对了走再远也值,阳光中傻傻哭泣,偏中意你,奶妈,陌生的声音
半卷清词,很爱很爱你,姐貌美如花,女汉子称霸天下,我深知我很丑,风生水起,青柠檬檬哒,冷却,恋空,离去的痕迹
草莓尐姊,记得我的好,依然动人,栀初,蜜糖,走过不再回首,情难了,琳琅女称霸全服,丢心,沧海桑田丶等君归
人比黄花瘦,请把我的心还给我,单眼皮女王,女汉子吼起,梦里寻她千百度,晚秋骄阳,眼泪笑了,酒煙妓,闺蜜,心情控
没未来的胖子,暖心胖妹子,温柔一把刀,蝶变,睡美人,理智去爱,挥之不去旳记忆,落蝶,回眸,路边的小野花
盘腿女孩,期待你的爱,比曼陀罗妖艳,疯疯癫癫的女人,时尚女孩,理解的心,战神美女,痴情女汉子,空着,你给的回忆
姐就是有狂的资本,,我爱上了一个傻瓜,感性妹,酒浓情人醉,伤会慢慢愈合,男人不可信,介意,你要的坚强,别跟姐谈爱情
短发女神经,,眼泪笑我太懦弱,烟花易冷红颜薄,我们蓦然相愛,,七瑾不开花,一生的谎言,承诺已过时,回忆里等死
拼命姑娘,,你祖奶我很好,素颜妆,最美的风信子,初恋情久,慵容,疯丫头,眼红了也就看透了,豹纹小女人
女王般的活着,,,,,梦醒,,,,
姐就是如此奇特,,,,,冷漠,,,,狼一样的女人
多么哇塞的姑娘,,,,,栀蓝,,,,骨感
45女人最美的弧度,,,,,逝水无痕,,,,女人香
空城里的温柔,,,,,雨夜追风,,,,职场如后宫
限量版温柔,,,,,共度余生,,,,一个不倾城的女子
敗家菇凉,,,,,我要让情敌当伴郎,,,,邻家女孩
我不是我自己,,,,,收敛野心,,,,一个被遗忘的女人
一个眼神的距离,,,,,忘掉悲伤,,,,绝版娇妻
致命的优雅,,,,,从此珍惜你,,,,蒙奇奇
恋你一世温柔,,,,,度心,,,,一辈子爱我
此岸我为君倾城,,,,,孤僻似困兽,,,,不敢爱
似温柔亦苍白,,,,,缺點诗意,,,,此女子难养
强者的姿态,,,,,鬼守尸,,,,各花入各眼
气质藏不住,,,,,霸气de小男生,,,,女王范儿
菇凉天生傲骨,,,,,暗恋一场纯真闷骚,,,,独角戏
姐活的有模有样,,,,,爱我的人会发光i,,,,瑞拉公主
掀起刘海做女王,,,,,爱是含笑饮砒霜,,,,百变天使
凉城小街姑娘未离,,,,,痞唇,,,,等一个旧人
胭脂染了灰,,,,,劫外身,,,,萝莉小姐
会喝酒的菇凉超拽,,,,,她素颜时最美,,,,你无权访问
绝情拽丫头,,,,,哼唱小情歌,,,,寂寞小姐
紫色优雅旳神秘,,,,,性别男爱好男,,,,背叛了我
丷芒果菇凉,,,,,吻她唇毁她纯,,,,我怀念的
眼眸印温柔,,,,,无人囍我,,,,落花伊人
可愛宝丫头,,,,,惹不起,,,,冷漠旳瞳孔
碎花中的娇艳女子,,,,,钟晚,,,,灰姑娘
范二姑凉欢乐多,,,,,风乎舞雩,,,,拇指姑娘
十里荒凉胭脂泪,,,,,哈努卡前的犹太人,,,,为你变乖
心机全无好菇凉,,,,,帅届扛把子,,,,一缕阳光
姐用霸道饰温柔,,,,,风与尘的誓约,,,,旧城不复
姐的幸福下落不明,,,,,日青良月,,,,舍不得放开
心已成伤却未碎,,,,,难遇,,,,掩饰伤痛
总有贱妇计谋本宫,,,,,黒耶i,,,,被你征服
做自己的女王,,,,,爱似烟花易破碎,,,,他不要我
十七岁的末班车,,,,,_____浅沫,,,,旧人已旧
,,,,,我还有谁,,,,我要吃糖
单身姑娘照样嗨,,,,,Forever优雅,,,,爱来过
谁的真心没喂过狗,,,,,倾月轩萱_,,,,沦落风尘
此籹子小拽,,,,,成熟,,,,褪色的童话
我有我的小思念,,,,,背弃i,,,,睫毛溺了水
奇葩姑娘拽天下,,,,,朽木C,,,,
嘟着小嘴耍任性,,,,,,,,,陪我到最后
风一样的女子,,,,,陵城,,,,
碎花洋裙的优雅,,,,,细呷温酒,,,,转身灬泪倾城
再坚强也会伤,,,,,忧郁少年,,,,我不是空气
任性不乖巧,,,,,我本善良,,,,倾国倾城
谜一般的女子,,,,,璀璨的星尘,,,,
唯爱高跟鞋,,,,,余温散尽,,,,假装很幸福
霸气的萌妹纸,,,,,花未眠,,,,托付终生
一朵气质花,,,,,醉殇,,,,挽吟袖
偏执了青丝飘拂,,,,,,,,,风月倦怠
北海以北茉莉少女,,,,,浪女无爱,,,,羁拥
光彩夺目的高傲,,,,,拜谁不如拜自己,,,,老锗與謌
唠叨的小嘴,,,,,嘴边笑度刚好,,,,面具的冷笑
自信就是气质,,,,,活雷疯i,,,,私藏温柔
姐有的是脾气,,,,,姑凉不准玩心,,,,旧座位没有她
疏影柏翠胭脂淡,,,,,冷笑,,,,未曾正经
好菇凉光芒万丈,,,,,良笙,,,,红衣少年无踪迹
吃货姑娘最可爱,,,,,,,,,爱到痴惘
满城阳光不及他,,,,,魑魅魍魉,,,,折奉
他城旧梦无归,,,,,千万样野心,,,,天授唱诗人
比花还妖艳的笑容,,,,,,,,,掀起流海做型男
老娘不拽怎么活,,,,,颓废,,,,刃上热血
好菇凉前途无量,,,,,笑骂由人,,,,傲藐者
尐吖頭脾氣拽,,,,,第三者,,,,尽撩少女心
时光叫我别念他,,,,,放空,,,,你与氧共存
不画扮熟的眼线,,,,,简柠,,,,愚季
哭著化眼妝,,,,,沵算what,,,,贩梦货郎
他的那个她,,,,,放手也是一种罪过,,,,孤望
一个情绪化的女人,,,,,有妳很瞞促,,,,起笔又添愁
谁能给姐幸福,,,,,早已沧海桑田,,,,久獨則菰
温柔旳安抚,,,,,云终韵,,,,白衬藏了阳光
流走在尘世间的猫,,,,,南城雨落,,,,无意流浪
清新脱俗的女子,,,,,那段情,,,,封刀战魔
自然赋予美,,,,,清黎,,,,酒岁
没有爪子的猫,,,,,涨柏樰络,,,,撒渔网旅人
持续的小温柔,,,,,在妳心里做妳的王,,,,啪啪啪能量
小妞爱时尚,,,,,占有欲,,,,满目逢秋
阳光大蛮妞,,,,,过期不候,,,,天降幽鬼
从此微笑如花,,,,,明月之勇,,,,
侧脸还是很美,,,,,简单錯,,,,野酷士
胖子没未来,,,,,爱似烟花易破_碎,,,,
半吊子的温柔,,,,,酌青山,,,,偏爱孤身
泡沫乄iao精灵,,,,,追风的落叶,,,,逃课君
紫色蒲公英,,,,,火里栽莲,,,,情授
琴键上跳芭蕾,,,,,阴为蛋湿,,,,被判孤身
一颗糖忘记烦恼,,,,,彼岸红尘花已逝,,,,想暧昧却动了心
转身氏温柔,,,,,逐梦落叶,,,,秀不羁
流年淡漠紅顏,,,,,太阳是我啃园的,,,,感情待我如此薄
我跟你不熟,,,,,,,,,笑脸带眼红
或许不在懂,,,,,锁骨的吻痕,,,,要走别再回头
暮色浓妆却微凉,,,,,蘇沐月,,,,讨喜冤家
姑娘你走點心,,,,,从未消失的孤独,,,,最好有梦想
最后那点温柔,,,,,七炫灬,,,,山月不知心底事
小疯小狂小野蛮,,,,,,,,,
姐的高资态,,,,,,,,,随性似风
心事作废,,,,,,,,,莣萳
傲视苍生,,,,,,,,,剑下孤魂
孤傲白狼,,,,,,,,,噩梦占卜师
生气撒娇耍赖皮,,,,,,,,,吾性傲以野
这个傻b世界,,,,,,,,,拿酒与你说心事
爷们越二越有范,,,,,,,,,志在飞翔
请叫我望仔,,,,,,,,,五品带砖侍卫
哥就拽sowhat,,,,,,,,,
精致的情绪疯,,,,,,,,,余安
薄情寡义无人不弃,,,,,,,,,孤心匠
叉叉你个圈圈,,,,,,,,,坚持下去便成王
你拽个毛线,,,,,,,,,浮尸路亽
一紧张就爆粗口,,,,,,,,,咽渡
咬着棉花糖拽世界,,,,,,,,,特约演员
小爷活的有姿有范,,,,,,,,,帝奴仙
黒茗單侑妳浭精彩,,,,,,,,,
想和土豪做朋友,,,,,,,,,斗魂如焚
拽就要拽的有格调,,,,,,,,,兵马作笑谈
你的贱衬托朕的拽,,,,,,,,,偃师
一直高姿态,,,,,,,,,其实我情陷你
穷得只剩下钱,,,,,,,,,酒事
爷如此精神,,,,,,,,,撩人臸罙情
清高無語中,,,,,,,,,寒洲
我去年买了个表灬,,,,,,,,,任半生嚣狂
拽是男的本性,,,,,,,,,孤傲灬流年
頑丗不恭,,,,,,,,,岁月成沧海
青春如此不羁,,,,,,,,,袖间
践踏你的尊严,,,,,,,,,黑界祖宗
爷烦了不解释,,,,,,,,,
我是我自己的神,,,,,,,,,掩灼
充满传奇的人生,,,,,,,,,活在风浪里
比你拽咋滴,,,,,,,,,清淮
滚不解释,,,,,,,,,归于瘾
爷94拽,,,,,,,,,强势废物
我的骄傲你比不了,,,,,,,,,酒醒梦断
爷唯享独尊,,,,,,,,,风流意气都作罢
尐吖头脾气拽,,,,,,,,,一朝山水一朝臣
屁大的事,,,,,,,,,过分钟情
不明关系,,,,,,,,,拿稳自己再说话
替我挡风,,,,,,,,,蔚落
高傲的存在着,,,,,,,,,
过火给的错,,,,,,,,,暮色重山
时光滥好人,,,,,,,,,亡鸦
悲伤请走开,,,,,,,,,黑校
风华初成,,,,,,,,,
只是名字太闪眼o,,,,,,,,,我的五杀你抢不了
安静的复苏,,,,,,,,,
收回你的温存,,,,,,,,,行云流浪
倍儿坚强,,,,,,,,,最难是放
我不爱任何人,,,,,,,,,一生酷到底
何必讨好,,,,,,,,,酷到招风
低调的鸭丫,,,,,,,,,撩妹首席指导师
姐的霸气归属,,,,,,,,,一身正气结果漏气
不乱于心不畏将来,,,,,,,,,轻言细语的弱书生
懒得动心,,,,,,,,,惯出来的祖宗
声嘶力竭的情歌,,,,,,,,,戎马安半生
萌妹纸的霸气范,,,,,,,,,狂傲与共
别把现在当未来,,,,,,,,,纵遇
被记忆的高温,,,,,,,,,尽心独
一颗心只许你伤,,,,,,,,,第二眼钟情
谎言干掉了誓言,,,,,,,,,回忆在搜索
活的无可代替,,,,,,,,,南殷
不等式de高姿态,,,,,,,,,冷月轻吟
年月变我未变,,,,,,,,,盾破千軍
逆光行走,,,,,,,,,酒奴
天才白痴梦,,,,,,,,,月倚轻云
全球化的青春,,,,,,,,,何拆
要气场更要气质,,,,,,,,,哭乱冢
拼出自已的未来,,,,,,,,,妄言者
灬自以为是,,,,,,,,,随性已惯
注意秀气外漏,,,,,,,,,地狱邮差
彼岸竟奢华,,,,,,,,,吃货未泯
Smile盐汽水,,,,,,,,,
你若离去巴掌扇去,,,,,,,,,厭世為王
青春无伤枉少年,,,,,,,,,森槿
爷出口成脏,,,,,,,,,清酒孤欢
越简单越霸气,,,,,,,,,俗野
低调控制尖叫,,,,,,,,,温酒书生
上课翘二郎腿,,,,,,,,,余墨残香独自敛
龙威虎震,,,,,,,,,夙世
意气自得,,,,,,,,,狂暴的酷
疯狂的过路人,,,,,,,,,我是不是不够萌
心动旳理所当然,,,,,,,,,撩妹狂者
没心没肺活着不累,,,,,,,,,世味
我有自己的专场,,,,,,,,,浮夸旧吻
妳的幸福涐来赞助,,,,,,,,,久瘾则伤
骄傲不是与生俱来,,,,,,,,,戎马江湖
我de爱绝非一般,,,,,,,,,浪帝睥睨
诺言颠覆这宇宙,,,,,,,,,浪的像海
回眸一眼倒下一片,,,,,,,,,温人
低调是最牛的炫耀,,,,,,,,,做你一人的英雄
奢华De低调,,,,,,,,,孤鱼
仅存的霸气,,,,,,,,,青衫温文
有种霸气无可替代,,,,,,,,,游荡魔鬼
爺灬受亽跪拜,,,,,,,,,十年过客
我的心谢绝访问,,,,,,,,,
中指指出态度,,,,,,,,,
一枚别致的疯子,,,,,,,,,为你忠情
哥比阳光还要耀眼,,,,,,,,,迷倒众女人
爷你们只配仰慕,,,,,,,,,守诺者
单膝跪地唱征服,,,,,,,,,怪咖小青年
专属偶滴霸道,,,,,,,,,寄痴心
我们依旧高傲,,,,,,,,,揽你到怀里
我的沉浮深不见底,,,,,,,,,别太用力爱
_爷们就这脾气,,,,,,,,,丢了你失了魂
释放我不凡,,,,,,,,,
Ren定胜天,,,,,,,,,我浇余酒洗剑
雷鸣八千里,,,,,,,,,操性矫情
爷们儿就拽,,,,,,,,,帅萌的酷
爷红遍全球,,,,,,,,,你走后我爱上了酒
爷膜拜人物,,,,,,,,,霸道小男生
爷私亼专属,,,,,,,,,煮酒送别
爷专属霸气,,,,,,,,,人比心怂
不准不开心,,,,,,,,,心凉人未死
曾几何时的放肆,,,,,,,,,征战情书
哲学式演绎,,,,,,,,,恋上你的傻笑
真的很单纯,,,,,,,,,她是爱人的模样
看起来很不错,,,,,,,,,跑赢你自己
独奏似水年华,,,,,,,,,爱已冻结
途中相遇,,,,,,,,,如果爱就别选择
那年夏天的歌,,,,,,,,,老夫愿闻其翔
暖风昔人,,,,,,,,,嗜酒嗜烟嗜你
伊人浅笑最倾城,,,,,,,,,
倒影着稚嫩的少年,,,,,,,,,念你成魔
会思考的蜗牛,,,,,,,,,抽烟等待死亡
内抹笑嫣然,,,,,,,,,燃尽流年
思念一直在,,,,,,,,,朝朝润孤心
薄荷味白衬衫,,,,,,,,,梦里遇你
青涩的薰衣草,,,,,,,,,主道杀神
幸福泡泡,,,,,,,,,缺扣衬衫
彼岸o天蓝,,,,,,,,,情绪别致的疯子
微笑只为你,,,,,,,,,浪子无家
沉睡的彼岸花,,,,,,,,,帅气的小伙子
轻描_淡写smile,,,,,,,,,
原味青春,,,,,,,,,男人自重点
行走在青春的尾巴,,,,,,,,,我命缺她
回忆是幸福的延续,,,,,,,,,给力的男人
半夏蔷薇,,,,,,,,,纯情小男生
夕阳下的情调,,,,,,,,,暖心男蜜
永不毕业的友情,,,,,,,,,我的少年我的痛
透过指尖的余光,,,,,,,,,情深已故
把温暖装进口袋,,,,,,,,,9潮男
游在岸边的鱼,,,,,,,,,轻轻牵你的手
飞进宿舍的蚊子,,,,,,,,,
叙说你的蜜语,,,,,,,,,旧衬衫
蓝色的思念,,,,,,,,,兄弟军团
寻找四叶草的身影,,,,,,,,,哥的心禁止访问
薰衣草的暧昧,,,,,,,,,低调男孩
跟未來有個約,,,,,,,,,靠窗的位置留给你
心若向阳无谓伤悲,,,,,,,,,也曾与你过往
回眸谁浅笑,,,,,,,,,帅气十里
笑素颜朝天,,,,,,,,,操蛋小青年
抬头30的微笑,,,,,,,,,街痞
唱着動聽的旋律,,,,,,,,,冷面枪王
低头浅笑保持微笑,,,,,,,,,病瘾
未参与的过去,,,,,,,,,我太帅了万人爱
那些认真的美,,,,,,,,,绝版相公
路边捡到整个夏天,,,,,,,,,
为期待而延续,,,,,,,,,久伴而别
dear学会微笑,,,,,,,,,帝王之道
感受浅蓝的淡然,,,,,,,,,失恋光荣
__音乐的旋律,,,,,,,,,修罗传说
梦开始的地方,,,,,,,,,
背後的陽光,,,,,,,,,花先生
蓝格子调调,,,,,,,,,酒客
愛始于微笑,,,,,,,,,醉归
紫色的蝴蝶兰,,,,,,,,,跳梁小丑
碎了一地的想念,,,,,,,,,王子梦
最初的依赖,,,,,,,,,哑剧
那一抹微笑,,,,,,,,,经典烟男
鱼在水里呼吸,,,,,,,,,超人欧巴
零下七度的浪漫,,,,,,,,,中国好男人
为你锁住心,,,,,,,,,
完整的旋律,,,,,,,,,死神阻击手
给你晴天般的微笑,,,,,,,,,少年失了心
你是我的微笑,,,,,,,,,洁癖美男
心贴心的温度,,,,,,,,,坚强不是逞强
那一绿微笑,,,,,,,,,空白格
给你微笑,,,,,,,,,三生三世枕上书
誓言纯碎是失言,,,,,,,,,非盗版
一起走过的日子,,,,,,,,,失心少年
浅蓝色邂逅,,,,,,,,,
流年划过指尖,,,,,,,,,月光诗人
童话般的结局,,,,,,,,,无人街
喜欢懒懒的你,,,,,,,,,
优雅的现实,,,,,,,,,玩腻
相约下一秒,,,,,,,,,曾经
低调小伙最迷人,,,,,,,,,过去
心之天空,,,,,,,,,冷寂
向着未来前进,,,,,,,,,奶爸
洒下一片深情,,,,,,,,,纯清小伙
左手的等待,,,,,,,,,红颜是罪
喜欢你的味道,,,,,,,,,
静下心来,,,,,,,,,一夜风流当了爹
还是单纯的好,,,,,,,,,欠我的拥抱
你的微笑,,,,,,,,,烟比女人好
我为你保存,,,,,,,,,卖力的妥协
我会Yi直在,,,,,,,,,离婚频繁
最初的恋爱,,,,,,,,,傻瓜我疼你
最末的幸福,,,,,,,,,嗜酒成性
魅力男神,,,,,,,,,亞當
气质女神,,,,,,,,,老爷子
简单先生,,,,,,,,,哥是丶纯爷们
复杂小姐,,,,,,,,,农村尐爷们
海誓山盟狠狠地,,,,,,,,,男人歌
海枯石烂久久地,,,,,,,,,汝可安好
情何以成型,,,,,,,,,爷就是你们的范
爱如何成长,,,,,,,,,是你丈夫
三寸季光不忘卿,,,,,,,,,霸气男人
七堇年华不负君,,,,,,,,,男人风流
双手紧握海枯石烂,,,,,,,,,小情绪
十指相扣天长地久,,,,,,,,,慢慢堕落
空城只有旧梦在,,,,,,,,,我的小可爱
只留旧梦守空城,,,,,,,,,藐视一切
七思七念七惆怅,,,,,,,,,为你撑伞
七想七盼七归来,,,,,,,,,亲爱陌生人
霸道是哥的专属,,,,,,,,,独过奈何桥
妩媚是姐的唯一,,,,,,,,,没你照样过
沉寂在你的心里,,,,,,,,,世界憔悴了
沉沦在你的梦里,,,,,,,,,纯情小色狼
滴恶魔的眼泪,,,,,,,,,护花使者
沬天使的嶶笑,,,,,,,,,安分小男人
此账号,,,,,,,,,姑娘晚安
占你曾经,,,,,,,,,戒烟不戒色
一枚戒指的承诺,,,,,,,,,八零后
一颗真心的疼爱,,,,,,,,,盗版男人
没心没肺的现在,,,,,,,,,巴黎少年
掏心掏肺的曾经,,,,,,,,,我娶你回家
最初的陪伴,,,,,,,,,挚爱的女人
最後的需要,,,,,,,,,喝到没味
掌心里的岁月,,,,,,,,,最后的骄傲
指尖上的年轮,,,,,,,,,伪面君子
回首笑忘傷,,,,,,,,,空城寂
回首忘難傷,,,,,,,,,耶稣
怪咖先森,,,,,,,,,潇洒哥
奇葩小姐,,,,,,,,,粉红色的指甲
初季思念已成回忆,,,,,,,,,小伙伴爱养小鲍鱼
末季回忆已成思念,,,,,,,,,么么哒
一定有个你,,,,,,,,,蛋蛋纪念日
一定有个我,,,,,,,,,袜子
执笔写下情,,,,,,,,,蛋蛋超人
独倚烟花笑,,,,,,,,,我的小时代
小无赖,,,,,,,,,懒人梦
小淑女,,,,,,,,,花甲少年
儍咾厷,,,,,,,,,嗯哼嗯哼蹦擦擦
儍咾嘙,,,,,,,,,装萌卖傻
曾经的承诺,,,,,,,,,呆到深处自然萌
如今的谎言,,,,,,,,,肉馍馍
留恋你的溫柔,,,,,,,,,肥肥嘟嘟也可爱
眷恋你的懷抱,,,,,,,,,橙三吉
淡看你的笑容,,,,,,,,,晓弄儿
深記你的眼眸,,,,,,,,,小冷
有種回憶叫甜蜜,,,,,,,,,大眼镜
有種失憶叫過去,,,,,,,,,嘀嘀不休
辈子对你装疯,,,,,,,,,皱眉
辈子对你扮傻,,,,,,,,,盯着作业唱征服
笑容的咫尺,,,,,,,,,格洛米
擁抱的溫度,,,,,,,,,石头剪子布
紾惜這段情,,,,,,,,,凹凸曼
垨護艿份噯,,,,,,,,,咕咕嘎嘎
小男人很帅,,,,,,,,,小兔子乖乖
小女人很靓,,,,,,,,,天空中的棉花糖
一輩子的守護,,,,,,,,,睡萌鹿
一輩子的疼愛,,,,,,,,,中国好胖子
固执的男人,,,,,,,,,自卑的小木偶
偏执的女人,,,,,,,,,兜兜里没糖
你的存在,,,,,,,,,牛奶不加糖
唯一的依赖,,,,,,,,,我只做你的小傻瓜
承诺涂改改,,,,,,,,,吃胡萝卜的熊猫
悲剧反反复复,,,,,,,,,萌先森
短暂的瞬间,,,,,,,,,稍息立正站好
漫长的永远,,,,,,,,,喔嗨呦
上课觉觉,,,,,,,,,嗒咘溜
下课闹闹,,,,,,,,,萌妹子
不美不靓不温柔,,,,,,,,,小笨丫头
不酷不帅不绅士,,,,,,,,,飞吧皮卡丘
控制了我的情绪,,,,,,,,,西瓜说他很爱夏天
掩饰了我的冲动,,,,,,,,,铃铛
全是欺骗,,,,,,,,,卖萌小生
一个人难过,,,,,,,,,糖果小囡囡
阳光深拥必伤,,,,,,,,,小红花
风景看透,,,,,,,,,我萌我傻我天真
时间让我忘了你,,,,,,,,,小天真
如果不够悲伤,,,,,,,,,微笑铺
伤心自导自演,,,,,,,,,夏天宠幸了西瓜
伊人问孤影,,,,,,,,,想念你的傻气
借雨如泪洗,,,,,,,,,蓝短裤
爱他伤己,,,,,,,,,咋搞的呀
眼睛带泪,,,,,,,,,蜡笔小旧
角落的悲伤,,,,,,,,,小灰灰的棉花糖
默忘那些伤,,,,,,,,,孩子系
漂流者的选择,,,,,,,,,宠儿
零度的忧伤,,,,,,,,,上帝愛米修
话多心凉,,,,,,,,,花花总是讨厌蛋蛋
最心疼的玩笑,,,,,,,,,嘟嘴扮萌装萝莉
疼不碎的心,,,,,,,,,有一个多啦叫A梦
放手或泪流,,,,,,,,,哒哒
久住孤海,,,,,,,,,熊嘟嘟
我有孤单陪我,,,,,,,,,派大星的海洋裤
人杂添堵,,,,,,,,,粉红夹克衫
不挽离人,,,,,,,,,澡澡熊
孤久则惯,,,,,,,,,小小青年
笑似心酸,,,,,,,,,依猫
__眼泪啲錵吙,,,,,,,,,糖球
眼泪何必固执,,,,,,,,,我爱洗澡
角落的孤独,,,,,,,,,跟太阳说晚安
雨落下的痕迹,,,,,,,,,喝可乐的猫
执着太久会累,,,,,,,,,可爱丫丫
未来无你,,,,,,,,,小蘑菇头
心酸绊泪,,,,,,,,,一瓶优乐美
词再伤亦是曲,,,,,,,,,不倒翁
碎去了的伤痕,,,,,,,,,喵星人
泪倾斜的海,,,,,,,,,一杯甜咖啡
独自心伤,,,,,,,,,完美搭配
风吹落了记忆,,,,,,,,,春天在哪里
心已放空,,,,,,,,,向着太阳前进
美丽的忧伤,,,,,,,,,耶比耶比耶
回眸意未伤,,,,,,,,,桃子果冻
听那话好假,,,,,,,,,小先生
苦于习惯,,,,,,,,,麦兜
时间以没有力量,,,,,,,,,武林萌主
寂寞无处可躲,,,,,,,,,生气叻
眼泪的错觉_____,,,,,,,,,猪猪侠的棒棒糖
回到陌生,,,,,,,,,小甜心
只有心知道,,,,,,,,,七月少年蓝
只剩名字,,,,,,,,,怪咖
谁也不是谁的,,,,,,,,,雪梨
时间嘲笑了承诺,,,,,,,,,大西瓜的小夏天
话少心在,,,,,,,,,兔子吃萝卜
孤单荒凉了来时路,,,,,,,,,迷恋淘淘
阳光下透彻的伤,,,,,,,,,小巫婆
单身成瘾,,,,,,,,,狗狗们请注意素质
笑拥孤独,,,,,,,,,凹凸曼勾引小怪兽
逆光之处是暖伤,,,,,,,,,像小强一样的活着
逆着光悲伤,,,,,,,,,村里一枝花
铅笔划不出的界限,,,,,,,,,米奇
终点我依然孤单,,,,,,,,,童心未泯
至夏风轻伤,,,,,,,,,儿子立正跟爹走
D调卡农的悲伤,,,,,,,,,小小怪
泪划过忧伤落寞,,,,,,,,,嗨皮
一颗不肯快乐的心,,,,,,,,,乖宝宝
一切自找的结果,,,,,,,,,乱调调
坚强抵不过忧伤,,,,,,,,,
无法抽离的小忧伤,,,,,,,,,抹茶布丁
伸手不见未来,,,,,,,,,樱桃冻
思念是会呼吸的痛,,,,,,,,,多芒小丸子
你的名我的伤,,,,,,,,,爱做梦的年纪
孤独念我深,,,,,,,,,白开水喝醉的猫
回忆尽是伤,,,,,,,,,多拉A梦没耳朵
仅剩个人回忆,,,,,,,,,独宠鼻涕娃
那复制的爱,,,,,,,,,囧囧
雨中的微风,,,,,,,,,小笼包纸
听这一季雨落,,,,,,,,,乖乖同学
若近若离,,,,,,,,,胖娃娃
海蓝之心,,,,,,,,,再见丶童年哟
长发及腰的优雅,,,,,,,,,邪邪
心若无尘心自安,,,,,,,,,温柔点的孩子气
外灘上的背影,,,,,,,,,吃醋的天真
蓝色的心情,,,,,,,,,呆头鹅
眷恋那份情,,,,,,,,,简单
守望一生,,,,,,,,,亲亲亲爱德
轻描淡写的别离,,,,,,,,,給我的铃铛
花与时光同眠,,,,,,,,,喵喵
我的未来要有你,,,,,,,,,小快乐
淡笑忘祈一世凡恋,,,,,,,,,有只猫它害怕老鼠
时光煮雨,,,,,,,,,小野兽
用花季来温暖眼瞳,,,,,,,,,阿喵喵
醉笑往事如花,,,,,,,,,淑女妆
沉梦听雨,,,,,,,,,不淡定的小青春
下一季思念,,,,,,,,,蘑菇与小碎花
夜闲清莹梦落花,,,,,,,,,黑长发的菇凉
只当凉风负年华,,,,,,,,,蜡笔缺小新
娜场季雨,,,,,,,,,跟彩虹说午安
如果时间不记得,,,,,,,,,一种小幸福
花香般的忧伤,,,,,,,,,巴黎野玫瑰
秋末初冬浅忆微凉,,,,,,,,,酸酸甜甜就是我
流年素写一世繁华,,,,,,,,,小花心
低吟花非花的格调,,,,,,,,,溪诺
不言不语却知心,,,,,,,,,动感光波咻咻咻
嫉妒那笑悲的可怜,,,,,,,,,你是我的猪
安静时刻忧伤几度,,,,,,,,,香蕉
浮华黯淡失色的美,,,,,,,,,亲嘴嘴
因為了解而淡然,,,,,,,,,傻不啦叽
淡笑此时的颓废,,,,,,,,,噜啦噜啦蕾
淡漠写出我的美,,,,,,,,,熊孩纸
哼着情歌享受寂寞,,,,,,,,,采蘑菇
沉默请别失落,,,,,,,,,小白兔
时光消散记忆,,,,,,,,,纸飞机
珍惜你给的思念,,,,,,,,,就爱这调调
飘下一个日落,,,,,,,,,小鸟依人
记忆中的那抹兰,,,,,,,,,猪猪侠
浮世的风物止语,,,,,,,,,糖小米
半心半城半回忆,,,,,,,,,兮小沫
小情绪反复不停,,,,,,,,,玫瑰巷的乞者
安静仿如初,,,,,,,,,猫腻无限大
轻描淡写一个永恒,,,,,,,,,艾香梨妞
钢琴上黑键之间,,,,,,,,,大香蕉
烟唯伤,,,,,,,,,胖头鱼
轮回一世也陌路,,,,,,,,,桑迷儿
不曾拥有的心动,,,,,,,,,章鱼小丸子
你是我甜美的梦想,,,,,,,,,天使走好
消失过的甜蜜,,,,,,,,,你是飞鸟我是鱼
故事在继续,,,,,,,,,非洲的小白脸
给你阳光般的温柔,,,,,,,,,芒果布丁
明天周六,,,,,,,,,搜狗爱上了百度
别在半路走,,,,,,,,,2B就喝养乐多哦
还好不是你,,,,,,,,,青春本就不靠谱
没有如果,,,,,,,,,馒头馒头山东馒头
你说的关心,,,,,,,,,阿狸超人
你自私的鲁莽,,,,,,,,,沧桑小胡渣
请持续率性,,,,,,,,,猫猫咪呀
如花的旋律,,,,,,,,,长发菇凉
别抹了杀曾经,,,,,,,,,小情歌
不解释你的荒唐,,,,,,,,,苏打红茶
不一样一笑带过,,,,,,,,,半岛迷心
赴一场流浪,,,,,,,,,我是限量版
孤岛碍人,,,,,,,,,泪樱
你别来我才会无恙,,,,,,,,,纯纯的记忆
栀璃鸢年,,,,,,,,,积木
无爱无碍,,,,,,,,,巷子里的萌城少年
离线请留言,,,,,,,,,咿呀咿呀呀
我来自1999,,,,,,,,,梦梦梦不完
别拿流言了解我,,,,,,,,,神的孩子在跳舞
半冷半凉半微澜,,,,,,,,,刺猬
完整备注,,,,,,,,,冒失鬼
7m小低调,,,,,,,,,悟空旳虎皮裙
故意顾意固意,,,,,,,,,温柔小百合
7愿8伤,,,,,,,,,小吃货
寂寞刚好半分熟,,,,,,,,,骑帅猪的衰哥
心不甘情不愿,,,,,,,,,小熊梦幻
被时间扑了空,,,,,,,,,我们未曾长不大
泡8喝9玩10尚,,,,,,,,,奈奈
奇葩朵朵向阳开,,,,,,,,,小时光
徘徊且徘徊,,,,,,,,,胖小海
道具找钥匙,,,,,,,,,木偶娃娃
根号里的寂寞,,,,,,,,,古德奈
忑忆式念你,,,,,,,,,一首简单的小情歌
妖哩妖氣,,,,,,,,,幼稚园班长
抽象征服时尚,,,,,,,,,我恋爱了
思念的依附体,,,,,,,,,金刚芭比
真难瘦真难受,,,,,,,,,小眼迷人
欠一个肯定的眼神,,,,,,,,,点小任性
舞引领时尚,,,,,,,,,那过往的小时光
氧氣般的妳,,,,,,,,,叮当猫的百宝袋
躲不掉的未来,,,,,,,,,安东尼和他的兔子
内心空虚的我,,,,,,,,,咔哇伊
月老牵根线,,,,,,,,,温习情书
故意讨你的温柔,,,,,,,,,手腕绣花
__神经兮兮,,,,,,,,,巧笑倩兮
青春就叫放肆,,,,,,,,,有个小小梦想
接吻鱼的伤悲,,,,,,,,,小西米
为啥和钱过不去,,,,,,,,,骑着蜗牛追着你
脸到用时方恨丑,,,,,,,,,可爱不失气质
乄视觉灬禁区,,,,,,,,,草戒指
会唱歌的小包子,,,,,,,,,小热恋
说你逗你还真逗,,,,,,,,,甜心
披着床单扮仙女,,,,,,,,,六宫粉黛
光着脚丫逃跑,,,,,,,,,打灰机的蜡笔小新
智商都拿去卖萌了,,,,,,,,,啷里格啷
一眼望穿你的虚伪,,,,,,,,,糯米糍
不离不弃童言无忌,,,,,,,,,印象主义的猫
喘气的夜明猪,,,,,,,,,橘色芒果
柠檬你个思密达,,,,,,,,,大美美美妞
贫僧是来化妞滴,,,,,,,,,橙光
你放手我放狗,,,,,,,,,巴黎小裁缝
穿著高跟走山路,,,,,,,,,小坏坏
幸福的开始努力,,,,,,,,,草莓
我De专属Smile,,,,,,,,,无敌小哪吒
本少爷灬魅不可挡,,,,,,,,,布卡奇诺式的爱情
抱着西瓜过夏天,,,,,,,,,猫街后巷
你孤独的像条狗,,,,,,,,,我是一只小丑鱼
踩着高跷看矮子,,,,,,,,,放烟火的小男孩
骑母猪闯红灯,,,,,,,,,微笑比什么都重要
天使与你同在,,,,,,,,,萌面人
你颠你废你跟猪睡,,,,,,,,,陶瓷娃娃
本宫只需一纸休书,,,,,,,,,可爱小子
坚强给狗看,,,,,,,,,小别致
蹲在厕所唱情歌,,,,,,,,,温柔花
好梦总被尿憋醒,,,,,,,,,小猪宝贝
抱着大树唱征服,,,,,,,,,祖国滴小婲朵
拿我面子当鞋垫,,,,,,,,,我只是笨而已
哥拉风得拖网速,,,,,,,,,小P孩点点
把伤痕当酒窝,,,,,,,,,啦多梦
挂满蜘蛛网旳青春,,,,,,,,,祖国花骨朵
牵着小猪炒股票,,,,,,,,,羞涩糖果
谁捡到了我的心,,,,,,,,,换一颗红豆
丘比特的虾米,,,,,,,,,纯情的小太阳
活像一句废话,,,,,,,,,懒懒的感觉
挺本份个小伙,,,,,,,,,小抹布
情人眼里有眼屎,,,,,,,,,猫九
该用户已成仙,,,,,,,,,月亮上的小熊
马路边的硬币,,,,,,,,,傻的那般可爱
眼泪当可乐,,,,,,,,,糖糖没有果
回忆太拥挤,,,,,,,,,小清新
奥特曼他二舅,,,,,,,,,花指甲
花丛中旳葱,,,,,,,,,嘟嘟嘴
一棵被罚站的树,,,,,,,,,安妮熊的三明治
Promise,,,,,,,,,小瓶盖
seemefly,,,,,,,,,小宝
Star时光,,,,,,,,,一个人面带微笑
Asa亚撒,,,,,,,,,紫阳花
Arvin艾文,,,,,,,,,花花
Armand亚尔曼,,,,,,,,,小蘑菇
Andy安迪,,,,,,,,,吹泡泡
Alan艾伦,,,,,,,,,维尼熊
Adolph阿道夫,,,,,,,,,傻瓜爱纯纯的女孩
Aaron艾伦,,,,,,,,,一闪一闪亮晶晶
Face疯掉记忆,,,,,,,,,小猪
格调Moment,,,,,,,,,小忧伤
Stay天空,,,,,,,,,五道杠的小屁孩
Aton请止步,,,,,,,,,古灵精怪
Fairy,,,,,,,,,享受花季
FeatoK,,,,,,,,,躲猫猫
Autism孤独症,,,,,,,,,佳蜜桃妞
promise允诺,,,,,,,,,稚嫩的笑容
Promise永恒,,,,,,,,,泡泡糖
无规则Rules,,,,,,,,,糖糖公主
冷温柔Triste,,,,,,,,,糖果味的初夏
Sonice_恋,,,,,,,,,糖果味的爱恋
____永恒Team,,,,,,,,,我兜兜里有糖
ToChanged,,,,,,,,,糖果超人
Shelly,,,,,,,,,一颗开心糖
Alocasia,,,,,,,,,颗糖
House,,,,,,,,,彩虹糖的梦
Toxic,,,,,,,,,棒棒糖
LoveYou,,,,,,,,,糖罐子
Temptation,,,,,,,,,奶糖
Breeze,,,,,,,,,叼着棒棒糖去逛街
Eternal,,,,,,,,,糖果屋
blues,,,,,,,,,棉花糖的微笑
GodAanger,,,,,,,,,太妃糖
_____sadgirl,,,,,,,,,吃糖糖会蛀牙
MissRabbit,,,,,,,,,蜜糖似旳唇
Scrounger,,,,,,,,,糖果小新
Onceagain,,,,,,,,,糖餅
EmptyPages,,,,,,,,,兜兜里囿糖
RuralAberdeen,,,,,,,,,糖寳贝
Faith,,,,,,,,,麦芽糖
Timor,,,,,,,,,一颗糖倆種味
monster,,,,,,,,,满满都是爱
Composure,,,,,,,,,最爱棒棒糖
孤独的乐章,,,,,,,,,颗糖也狠甜
寂寞的音符,,,,,,,,,你好可爱
回忆如意,,,,,,,,,可爱控
淡薄如素,,,,,,,,,复习小情歌
最贱不過感情,,,,,,,,,小丑鱼
最冷不過人心,,,,,,,,,鱼娃娃
姐姐去哪儿,,,,,,,,,浪漫式乖乖
妹妹去哪儿,,,,,,,,,甜甜圈
演化清描淡写,,,,,,,,,旋转木娃娃
演绎浓妆淡抹,,,,,,,,,哆啦A梦
蓝调的泪水,,,,,,,,,花蝴蝶
左岸的微笑,,,,,,,,,纯情小女生
丑陋的背影,,,,,,,,,粉红顽皮豹
美丽的身影,,,,,,,,,狐狸般可爱
旧城遗梦,,,,,,,,,纯真年代
温失旧岛,,,,,,,,,蘑菇滴滴
D我旳惟一,,,,,,,,,大熊抱小熊
X我旳最爱,,,,,,,,,小葱拌豆腐
淡抹低调的伤,,,,,,,,,可爱专属于你
凄美黯淡的伤,,,,,,,,,无敌小米乐
为你乱了的思绪,,,,,,,,,呼叫海绵宝宝
为你疯了的心理,,,,,,,,,温柔成瘾
流年划过记忆,,,,,,,,,这个夏天
流年划破容颜,,,,,,,,,清香百合
乱乱的回忆,,,,,,,,,红蜻蜓
缓缓的念着,,,,,,,,,樱桃小丸子
蓝蓝的海水,,,,,,,,,岢嗳糖淉
纯纯的溺爱,,,,,,,,,咖啡不加糖
蓝蓝的天空,,,,,,,,,糖糖
白白的云彩,,,,,,,,,糖小果
明媚女子,,,,,,,,,香糖
清纯女子,,,,,,,,,黑糖玛琪朵
蓝色的青春,,,,,,,,,糖罐
粉色的回忆,,,,,,,,,喔喔奶糖
朝阳那一抹阳光,,,,,,,,,吹个五彩的泡泡
余晖那一束落日,,,,,,,,,跳跳糖
美过我们一起笑过,,,,,,,,,水蜜桃
哭过我们一起傻过,,,,,,,,,萌系小妹子
360小可爱,,,,,,,,,安妮和小熊
小酒窩,,,,,,,,,暧昧的味道
糖宝宝,,,,,,,,,暮光青柠
甜心布丁,,,,,,,,,顽皮贝贝
树上的星星,,,,,,,,,肥波是只猫
壊脾氣,,,,,,,,,霸道小蛮女
带花旳蘑菇,,,,,,,,,萌呆有点小腹黑
玉米地里的熊_,,,,,,,,,野蛮小可爱
_无尾猫的鱼骨头,,,,,,,,,安妮萌萌哒
叼烟斗的猫,,,,,,,,,吃貨一枚
番茄你个西红柿,,,,,,,,,萌系大白
柠檬不萌,,,,,,,,,爱赖床的菇凉
最萌分数差,,,,,,,,,天真可爱叫卖萌
八爪_魚,,,,,,,,,稚气未脱
牛奶米布,,,,,,,,,梧桐林的猫女巫
猫忘了鱼尾纱,,,,,,,,,超萌少年
不爱吃萝卜得兔子,,,,,,,,,半顆糖也甜入心
半疯半颠DE可爱,,,,,,,,,笑低了眉眼
百变萌主,,,,,,,,,樱桃小嘴大眼妹
灬愺莓菋糖,,,,,,,,,看着镜子卖萌
高小胖爱吃炸酱面,,,,,,,,,双下巴有福
燒焦的水蒸氣,,,,,,,,,甜了夏天
迈着猫步奔夕阳,,,,,,,,,做个吃货有何不可
傻里傻气的鬼精灵,,,,,,,,,花环少女
挖个坑埋未来,,,,,,,,,我素大不点
对着作业唱煎熬,,,,,,,,,可萌可猛
我爱发呆,,,,,,,,,兜兜有糖
午后慵懒的猫,,,,,,,,,小河边唱歌
尐闹心,,,,,,,,,魔法小仙子
恋你的棒棒糖,,,,,,,,,我已萌出天际
歪嘴装微笑,,,,,,,,,天线宝宝傻傻笑
等下我的舞姿,,,,,,,,,稻草芭比
不靠谱的半颗糖,,,,,,,,,柠檬之夏
牙签很忙,,,,,,,,,拿把雨伞裝蘑菇
阿狸先森,,,,,,,,,柠檬片片
有点小迷糊,,,,,,,,,国民萌叔
背背上的蜗牛,,,,,,,,,嗯哼大王
橄榄糖果,,,,,,,,,嘟嘟泡泡滴滴哒
独一无二的傻子,,,,,,,,,槑槑维他命
牵着猪去溜达,,,,,,,,,上帝也卖萌
一条鱼的裸奔,,,,,,,,,猫就该说喵
一只猪的悲伤,,,,,,,,,
迷迭香的记忆,,,,,,,,,超萌虎牙妹
我要稳稳的幸福,,,,,,,,,橘子味的猫
涼涼的依賴感,,,,,,,,,我是吃货你管我
生性凉薄孤独成性,,,,,,,,,野原的向日葵
和影子一起双人舞,,,,,,,,,短腿萝莉
撒谎般的落寞,,,,,,,,,给我西瓜与猫
青春为你更新,,,,,,,,,肉嘟嘟的天使
零點__寂寞,,,,,,,,,二二的女生很有爱
落了灰的回忆,,,,,,,,,金牌萌女帝
灰白记忆,,,,,,,,,萌比妹子好哇塞
逢场作戏何必在意,,,,,,,,,病娇萝莉
享受孤独品味寂寞,,,,,,,,,泡面君
琉璃瓶的回忆,,,,,,,,,我们白着呢
_淡抹低调的奢华,,,,,,,,,捧貓女
时光不及你眉眼,,,,,,,,,萌萌胡巴
游走的凤尾鱼,,,,,,,,,可爱双马尾
他笑着退后,,,,,,,,,看我电不死你
只是习惯而已,,,,,,,,,最萌小妖
一个人干净利落,,,,,,,,,治愈你大暖萌
以后彼此陌生,,,,,,,,,心情不好吃颗糖
彼端为海角,,,,,,,,,萌仔
你我的曾經,,,,,,,,,爱睡觉的大懒虫
手掌上的泪滴,,,,,,,,,请让我萌下去
未来在继续,,,,,,,,,柠檬脾气
倘若有回忆,,,,,,,,,半柠半桔
梦想城越池,,,,,,,,,小嘴嘟嘟
那一滴真心泪,,,,,,,,,长着兔牙的荷兰猪
回忆里只有自己,,,,,,,,,甜心百分百
我的圈子你进不来,,,,,,,,,病娇浪女
沫小兮,,,,,,,,,扯脸笑容
遇见开始,,,,,,,,,拿老公换糖吃
一抹清寂,,,,,,,,,长不大的傻麦兜
允诺未来,,,,,,,,,小伢儿
_____蓝色透彻,,,,,,,,,憨厚的小么熊
___念旧,,,,,,,,,傲娇小公举
心懒则烂,,,,,,,,,骑鱼的猫
别再想从前,,,,,,,,,奶油桃子
美的痕迹,,,,,,,,,恋糖猫
简单的过,,,,,,,,,傲娇货
爱不起,,,,,,,,,一只喵的碎碎念
那一夏的梦,,,,,,,,,柠檬味的猫
无趣的曰子,,,,,,,,,白绒兔耳
回忆的独奏,,,,,,,,,萌比时代
你好陌生,,,,,,,,,嗷娇怪
仰头45度,,,,,,,,,萌cr哭你
迷失的步伐,,,,,,,,,我发芽了吗
仅有的依赖,,,,,,,,,猫七菇凉软妹心
求一个安稳,,,,,,,,,走失的可爱妹纸
思念是一種病,,,,,,,,,樱花小乖
,,,,,,,,,给我关心和宠爱
没那么简单,,,,,,,,,憨豆走好
继续睡觉,,,,,,,,,我迷了鹿
凋零的末季,,,,,,,,,如果我家是糖果屋
名字简单就好,,,,,,,,,土嘎嘎
对你很认真,,,,,,,,,果冻果冻动
低调的爆发,,,,,,,,,我是小公主
一本正经的装,,,,,,,,,爱我你就亲亲我
自然疯er,,,,,,,,,傲娇小丸子
木槿暧夏七纪年,,,,,,,,,优貭女生
逗比女神,,,,,,,,,带帽子的鱼
特式颓废,,,,,,,,,唯爱奇葩鹿
装B是被打的前兆,,,,,,,,,小丫头
流苏舞动青春,,,,,,,,,我微胖我骄傲
我是乡村非主流,,,,,,,,,我叫大姐姐
谁空白了谁的记忆,,,,,,,,,勾勾手指
笨蛋笨的那般单纯,,,,,,,,,牛宝宝
蹲墙角画圏,,,,,,,,,拽萌少女
卜要见卜要贱,,,,,,,,,棉花糖与兔兔
弹奏我的自由,,,,,,,,,糖豆微咸
续写一纸的空白,,,,,,,,,一只萌兽
30角看曾经的辜负,,,,,,,,,西瓜雪糕抢夏天
街角那一抹微笑,,,,,,,,,那抹天真微笑
孤单只是情绪泛滥,,,,,,,,,阿狸乖
驀然回首浮生若夢,,,,,,,,,久伴星星
一般的存在,,,,,,,,,单身菇凉哇咔咔
抹卜去的记忆,,,,,,,,,老板別打烊
心冷如冬,,,,,,,,,喜欢EXO不悔
踏雪无痕,,,,,,,,,偷腥的猫
心绪不曾安然,,,,,,,,,全球萌哒哒
児时旳萌,,,,,,,,,萌主殿下
续写我的伤,,,,,,,,,我们白着呐
念无休止,,,,,,,,,甜心教主
淡忘掩埋希望,,,,,,,,,西瓜是夏天的爱人
逆时光带走落寞,,,,,,,,,熊小熊
曾经相似的记忆,,,,,,,,,哎喲小喵咪
记忆把时光重叠,,,,,,,,,病娇的脸
不安份的小心情,,,,,,,,,可爱值爆表
习惯孤单看着风景,,,,,,,,,包子小姐
一季倾城梦,,,,,,,,,一起逛街街
一笔一画勾勒回忆,,,,,,,,,熊猫先生
风化了我的记忆,,,,,,,,,傻瓜我们都一样
不完整的旋律,,,,,,,,,饮料味软妹
那忽冷忽热的回忆,,,,,,,,,不吃胡萝卜的兔子
我旳世界妳不懂,,,,,,,,,喵小鱼
轻描淡写旳结局,,,,,,,,,暴走小正太
半哭半笑半失落,,,,,,,,,不呆不萌不可爱
沉默如初,,,,,,,,,超级奥特
你和阳光都在,,,,,,,,,柠萌
回忆弥漫现实,,,,,,,,,大鼠鼠
空城空等_,,,,,,,,,海绵宝宝控
伤心亦是铭记挽留,,,,,,,,,我是超人萌萌哒
乐观的无忧草,,,,,,,,,甜馨
壹切都是浮誇,,,,,,,,,稚否
让时间停一会,,,,,,,,,两粒酒窝
数不尽的星空,,,,,,,,,糖果色
那条街的巷口,,,,,,,,,小怪兽
流年染指悲伤,,,,,,,,,小胖妞
那年我们都狠虚伪,,,,,,,,,快樂相随
后来的天空,,,,,,,,,表闹
柒秒钟的记忆,,,,,,,,,吧唧一口吃掉你
忍住悲伤停止哭泣,,,,,,,,,柠浓
执着从未停过,,,,,,,,,暖心不过大白
不败的意志,,,,,,,,,嘟嘴姑娘
未来尽在我手中,,,,,,,,,吃货好比痴货i
做最好的自己,,,,,,,,,大头虾
告诉自己要坚强,,,,,,,,,世勋闪闪惹人爱
此生不换的执着,,,,,,,,,闹比
我想要青春无悔,,,,,,,,,资深软妹
燃烧的学霸,,,,,,,,,金牌萌帝
做生活的强者,,,,,,,,,乖乖哒
有目标的人,,,,,,,,,装乖
抬头微笑忧伤低调,,,,,,,,,小仙女
寻找幸福的起点,,,,,,,,,猫叔
在眼泪中学会坚强,,,,,,,,,姐可爱
为了孩子他娘奋斗,,,,,,,,,萌汉子
挺直腰板向前冲,,,,,,,,,我是小超人
开往春天的拖拉机,,,,,,,,,清纯小棉袄
曾经懦弱的选择,,,,,,,,,萌妹
粉色系的执着,,,,,,,,,小鲜肉
挥不去的执着,,,,,,,,,荳荳
用微笑谱写青春,,,,,,,,,小笨蛋
梦想照亮未来,,,,,,,,,痘痘飞
梦想的石头,,,,,,,,,盯屏傻笑
笑着面对一切,,,,,,,,,傻猪头
把泪水化为奋斗,,,,,,,,,木子若
奋斗还需今天,,,,,,,,,冰糖美眉
不必在乎许多,,,,,,,,,啦呜
与成功接轨,,,,,,,,,傻傻德爱我
输谁不能输混蛋,,,,,,,,,卖萌女子
寻找生活价值,,,,,,,,,呼叫提莫队长
风住尘香花已尽,,,,,,,,,丫头
一蓑烟雨,,,,,,,,,大萌
暖风浮云泪成诗,,,,,,,,,激萌少女
春音彩律,,,,,,,,,嘟嘟
活在月光下的情思,,,,,,,,,靜止
半世烟雨半世殇,,,,,,,,,爱喝爽歪歪
梦里柠檬几度花,,,,,,,,,云朵儿
浅听风吹起了流年,,,,,,,,,香草天空
留我静待彷徨,,,,,,,,,小可爱
梦幻谱写的旋律,,,,,,,,,萌琳达
流年指尖的沙,,,,,,,,,咕唧丶孤叽
染指流年典當幸福,,,,,,,,,半微笑
时光取名叫无心,,,,,,,,,专属小格子
萧沉吟浸蓝调雨,,,,,,,,,馨雅
花落誰相惜,,,,,,,,,麦兜猪
不期而遇旳沉默,,,,,,,,,巴黎的雨季
落叶牵绊着思念,,,,,,,,,丢了内裤的阿狸
瞎扯那未來,,,,,,,,,小打小闹小幸福
黄昏入睡夕阳起床,,,,,,,,,四叶草的旋律
那季花落乱了流年,,,,,,,,,幸福如履薄冰
时光会带走回忆,,,,,,,,,此女子伤不起
Angel半路青春,,,,,,,,,果冻小布丁
看清所以看轻,,,,,,,,,花嫁
不疯不狂不叫青春,,,,,,,,,永远有多远
孤独太黏人,,,,,,,,,假装很快乐
深巷少女亦失笑,,,,,,,,,爱你真是个错
有你的梦不愿醒,,,,,,,,,幸福的小调
翻来覆去旳谎言,,,,,,,,,别那么骄傲
若即若离的小纠结,,,,,,,,,別对我隐身
蓝裙子的百合魂,,,,,,,,,紫晶雪儿
微笑悲伤洒了一地,,,,,,,,,上官婉儿
别试图伤害我,,,,,,,,,糖果小妖
记忆承载未来,,,,,,,,,
依旧一个人,,,,,,,,,食指指向爱情
别试图隔绝我,,,,,,,,,骑白猪的王子
卑微存在,,,,,,,,,限量版帅哥
极度坏吖头,,,,,,,,,美男子
浅夏淡过花开过,,,,,,,,,活出自己的精彩
她在多远的未来,,,,,,,,,幸福持有者
愿时光待你好,,,,,,,,,我会给你一切
与君执手画倾城,,,,,,,,,一颗不放弃的心
短发郁夏天,,,,,,,,,诚信赢天下
十秒性格,,,,,,,,,坚守一份信念
来一份甜豆,,,,,,,,,风云人物
心动盲点,,,,,,,,,反恐精英
银河造梦机,,,,,,,,,没爱照样活
花生日记,,,,,,,,,梦想的初衷
萌比出没,,,,,,,,,笑看红尘埃
搬砖小土妞,,,,,,,,,傲氣逼人
快偷亲我,,,,,,,,,活着便精采
二智少女,,,,,,,,,永不退缩
数学给个机会,,,,,,,,,舍我其谁
裙摆藏风,,,,,,,,,王者
仙女的月亮,,,,,,,,,梦的怒放
乖一点就抱你,,,,,,,,,帝皇侠
行走的表情包,,,,,,,,,风格
芋泥啵啵吻,,,,,,,,,青春爱无赦
呆萌的欧尼酱,,,,,,,,,转身未来
卡夫卡的熊,,,,,,,,,染炫辉煌
你嘴角的樱桃汁,,,,,,,,,勇敢面对一切
我会边哭边笑,,,,,,,,,必杀技
偷走公子的心,,,,,,,,,信者得爱
马可菠萝包,,,,,,,,,活出高姿态
假装快乐,,,,,,,,,逍遥神话
超级凶鸭,,,,,,,,,梦的方向叫做闯
葡萄钙奶片,,,,,,,,,未来等我
一身仙气,,,,,,,,,教主范
抹茶奶油卷,,,,,,,,,传奇人物
樱桃肉肉丸,,,,,,,,,凌云齐天
你桃不掉啦,,,,,,,,,决战风云
昏昏睡,,,,,,,,,男人就应该有气质
我家的小仙女,,,,,,,,,精英会
放任的撒娇,,,,,,,,,雷神
好奇宝宝,,,,,,,,,青春无悔
对生活撒娇,,,,,,,,,独步天下
啾咪一口,,,,,,,,,势在必得
云朵有点甜,,,,,,,,,人定胜天
劣质脾气,,,,,,,,,大无畏
三岁就很萌,,,,,,,,,极速巅峰
盐焗小星球,,,,,,,,,抢眼人物
捞起月亮的渔民,,,,,,,,,万事不求人
甜崽小洋,,,,,,,,,短发女爷
脑袋困掉了,,,,,,,,,金牌萌比
花生了什么树,,,,,,,,,爷无所惧畏
银河小铁骑,,,,,,,,,女骑士
章鱼小肉丸,,,,,,,,,自娱自乐自己过
油炸小可爱,,,,,,,,,时间掌灯人
月亮供电不足,,,,,,,,,宁愿二不愿装
汽水味的小盆友,,,,,,,,,不知我者怎居我心
柠檬小丸子,,,,,,,,,洒脱
邮一棵草莓,,,,,,,,,秋风追猎者
鲜虾炖萝卜,,,,,,,,,绅士风度
小熊行星,,,,,,,,,拼未来
呆熊吐泡泡,,,,,,,,,钢铁男神
一个世界水手,,,,,,,,,亦凡亦不凡
肚子圆滚滚,,,,,,,,,战神将军
小熊趴在云朵,,,,,,,,,统帅
盐煎肉女孩,,,,,,,,,钢铁汉子
海盐芝士奶盖,,,,,,,,,想赢别喊停
肥水不流油,,,,,,,,,我放弃你随意
派可爱星,,,,,,,,,少帅
搖到月亮灣,,,,,,,,,狼少
藏好森林,,,,,,,,,信我可好
酷炸小仙女,,,,,,,,,逗霸
给你一口甜甜,,,,,,,,,大队长
幼稚园里的幼稚鬼,,,,,,,,,绅士
限量版小祖宗,,,,,,,,,朕最帅
中国移不动,,,,,,,,,我很好比你好
风软一江水,,,,,,,,,好小伙潇潇洒洒
听闻国民小仙女,,,,,,,,,帅气花
陌念念,,,,,,,,,叫我发光者
一只眠羊,,,,,,,,,短发菇凉就是帅
别动我兔子,,,,,,,,,策马奔腾
星星泡饭,,,,,,,,,爷是永恒
后巷的猫街少女,,,,,,,,,鹿学霸
灰尘往事,,,,,,,,,白萌王
眉眼藏欢,,,,,,,,,许你万丈光芒
为你唱起小乌龟,,,,,,,,,朗朗乾坤
诺贝尔可爱奖,,,,,,,,,万丈光芒全是我
仙女粉色系,,,,,,,,,无极剑圣
你是不是油饼,,,,,,,,,未来叫兽
狙击甜心,,,,,,,,,农村孩子最有范
甜味拾荒者,,,,,,,,,三朝元老
耗尽温柔,,,,,,,,,谁走我都欣然放手
佐佐木惠理,,,,,,,,,十分帅七分拽
有杀气的萝莉,,,,,,,,,逍遥风
吧唧你一口,,,,,,,,,用笑容改变世界
行尸走肥肉,,,,,,,,,勇爱
奶味小可爱,,,,,,,,,帅到爆
西羊夕下,,,,,,,,,别跟风
可爱的害羞鬼,,,,,,,,,无人像我
百世可爱,,,,,,,,,追的是心不是星
与可爱私奔,,,,,,,,,随心
啾一口软糖,,,,,,,,,爱不灭
软耳朵兔兔,,,,,,,,,绝不认输
做梦的季节,,,,,,,,,心之所向便是光
鲜奶千层雪,,,,,,,,,我绝版了
甜的很正经,,,,,,,,,微笑打败一切
让月色乏味,,,,,,,,,我命我心我挚爱
你的眼里有星星,,,,,,,,,女王裙摆
苏仙小可爱,,,,,,,,,咆哮
北极甜虾,,,,,,,,,紫棋女王会发光
爱久暖心,,,,,,,,,万人眼中万个我
我咋那么萌捏,,,,,,,,,地狱男爵
可爱暴击srk,,,,,,,,,盘古帝神
幼儿园的小酷比,,,,,,,,,女战将
古怪软萌妹,,,,,,,,,胸有大志
你依旧那么甜,,,,,,,,,温柔帅气小子
棒棒糖仙女,,,,,,,,,他城我做王
著名奶茶鉴定家,,,,,,,,,伴凯终老
你可真迷人,,,,,,,,,鹿家女王
请叫我小胖子,,,,,,,,,帅气无极限
请叫我仙女姐姐,,,,,,,,,我比钻石闪眼
乐橙柠莓,,,,,,,,,潇洒转头
待在绿匣里的猫,,,,,,,,,教主会发光
你的仙女啊,,,,,,,,,致命的王者
绛洞花主,,,,,,,,,义统天下
嗜甜,,,,,,,,,帅气爷们
奶香,,,,,,,,,绅士范
脸脸OK吗,,,,,,,,,全国帅比代表
草莓暴击srk,,,,,,,,,东方男神
把糖还我好不好,,,,,,,,,帅比小伙
归属,,,,,,,,,男神你好帅
想踩先生的aj,,,,,,,,,亚洲首帅
苏七,,,,,,,,,比你帅
只剩骄傲,,,,,,,,,发型到位气质高贵
少走感情路,,,,,,,,,九分帅气
一个人的旅程,,,,,,,,,帅气少年
心如荒岛,,,,,,,,,绅士格
烟雨风飘渺,,,,,,,,,刚强
日暮盼归人,,,,,,,,,帅帅哒
一个放肆的人,,,,,,,,,素颜男神
丢了幸福的猪,,,,,,,,,帅气范
难拥友,,,,,,,,,帅到没盆友
如歌彻婉颜,,,,,,,,,义不容辞
以孤独为友,,,,,,,,,勇敢爱
叶落孤城,,,,,,,,,堪称英俊
蹲街等天黑,,,,,,,,,我好高冷
用尽热情,,,,,,,,,人称潇洒哥
人生太多无奈,,,,,,,,,纯天然野生帅哥
把孤独喂好,,,,,,,,,屌丝男神
乱世浮生,,,,,,,,,哥是男神
被撕碎了的回忆,,,,,,,,,男神萌萌哒
你喜欢的我,,,,,,,,,金蛇郎君
春风不识路,,,,,,,,,文艺骚年
我好中意你,,,,,,,,,外太空少年
望月思你,,,,,,,,,幸福男神
故意相遇,,,,,,,,,魅力小生
风吻过你的不羁,,,,,,,,,男神塑造中
房东的猫,,,,,,,,,别怕来不及
无味春风,,,,,,,,,心中有梦闯天下
梦屿千寻,,,,,,,,,炫彩死神
时光荒凉了承诺,,,,,,,,,做个负责任的男人
阳光的暖冬,,,,,,,,,继续丶辉煌
乐观范菇凉,,,,,,,,,帅气称霸
你在我记忆里旅行,,,,,,,,,拒绝翻版
属于你的我的初恋,,,,,,,,,耀眼的光芒
一颗心只给一个人,,,,,,,,,留点小胡须
不在乎谁对谁错,,,,,,,,,小宇宙丶燃烧吧
你是我一生的赌注,,,,,,,,,幸福丶持有者
最美痕迹叫做回忆,,,,,,,,,甩了脆弱
心旧心久,,,,,,,,,分享拥抱
会长大的幸福,,,,,,,,,让爱领舞
风扬起思念,,,,,,,,,高傲自我
忘不了的是回忆,,,,,,,,,亲吻资本
初恋栀子花,,,,,,,,,时尚达人
风与水的痕迹,,,,,,,,,自己读懂自己
感情废物,,,,,,,,,封印寂寞
悲伤的季节,,,,,,,,,烈火心
阿海绵阿宝宝,,,,,,,,,天空才是极限
曙光女神,,,,,,,,,独行侠
刀子嘴豆腐心,,,,,,,,,平步青云
无视上课铃ing,,,,,,,,,夜场嗨青春
恰好心动,,,,,,,,,无敌小战神
神经病医院八号床,,,,,,,,,音乐的节奏
看完成绩泪流满面,,,,,,,,,年轻不是罪
本宫略萌,,,,,,,,,气质担当
爱不曾保留,,,,,,,,,没爱丶照样活
相依相偎,,,,,,,,,青春最珍贵
龙少女,,,,,,,,,世界的焦点
不如放手,,,,,,,,,超越自己
脾气古怪无人深爱,,,,,,,,,限量版帅仔
穿越到古代找帅哥,,,,,,,,,王者呐喊
你脸红什么啊,,,,,,,,,潮男
草莓秋葵脆,,,,,,,,,亚洲丶太子爷
模糊了记忆的从前,,,,,,,,,我心起扬
来我长街,,,,,,,,,早已删除你
脸红,,,,,,,,,永不寂寞
不解风情的老妖怪,,,,,,,,,少爷范儿
颈上鲜草莓,,,,,,,,,问鼎丶天之下
爱咬吸管的少女,,,,,,,,,人已走茶已涼
兮昕,,,,,,,,,痴心枉想
陌上柳絮倾城雪,,,,,,,,,只玩命不玩心
明天的阳光美吗,,,,,,,,,24k超帅
14是你的胖虎吗,,,,,,,,,梁山伯揍英台
永眠少女,,,,,,,,,罗密欧煮你爷
三十里开外,,,,,,,,,女娲补锅
野却迷人,,,,,,,,,盘古开苞
挽你眉间,,,,,,,,,牛拦织女
我的头上有犄角,,,,,,,,,松开你的手
今天一定要早睡,,,,,,,,,不屑纪念
元气糖,,,,,,,,,物以类聚
神暗恋我,,,,,,,,,妳是我一生的毒药
抓不住你说的梦,,,,,,,,,男一号
青袖,,,,,,,,,阴霾里我对着你笑
怀中猫,,,,,,,,,单身贵族
甜味少女馆,,,,,,,,,死亡的姿态
联合国认证小可爱,,,,,,,,,被切割的執著
第四晚心情,,,,,,,,,躺着唱征服
仙女山的月亮,,,,,,,,,顶级男主角
泽畔东篱,,,,,,,,,等待苍老了谁
落琼,,,,,,,,,爱上你是我的悲哀
荼色山野,,,,,,,,,这扯淡旳世界
南梔傾城,,,,,,,,,相逢不必邂逅
风继续吹,,,,,,,,,非诚勿扰
风送渔人到岸,,,,,,,,,各自安好
梦碎了,,,,,,,,,年少轻狂
鱼跃,,,,,,,,,爷的霸气
楠楠,,,,,,,,,比祢妈还美
晚风千千,,,,,,,,,我不屑
月色朦胧,,,,,,,,,vip专属
久违的晚安,,,,,,,,,三宫六院
有梦就别怕痛,,,,,,,,,炫耀
好走的路,,,,,,,,,一场玩笑
巴黎夜雨,,,,,,,,,霸爱三千宠
酸梅凉冬,,,,,,,,,看心情
明月撞星辰,,,,,,,,,路人曱
淋雨墨心,,,,,,,,,自导自演
明目款款,,,,,,,,,花花公子
染指烟尘,,,,,,,,,另类
因你极尽温柔,,,,,,,,,苏悠
落日海湾,,,,,,,,,拾柒
那时初秋,,,,,,,,,云山夜雨
呢喃的歌声,,,,,,,,,軟山
重写幸福,,,,,,,,,怡是春始
仅此而已,,,,,,,,,婠沅
打出剧终,,,,,,,,,养猫猫
夏天的巴比伦狠美,,,,,,,,,无理闹
风里有情诗,,,,,,,,,寒江
温柔的笑,,,,,,,,,一点甜就容
末念,,,,,,,,,就是想念就是思念
一个人吹冷风,,,,,,,,,陈落
不一样的风景,,,,,,,,,清歌挽离人散
风中雨荷,,,,,,,,,看满天星河
曾天真现成熟,,,,,,,,,温柔雅痞暴力萝莉
淡然一笑,,,,,,,,,笑闯青楼浅醉红楼
岁月之沉淀,,,,,,,,,反杀
庭外秋山,,,,,,,,,辣条薯片
诗酒年华,,,,,,,,,铃儿叮当
朋克詩人,,,,,,,,,SSSSS同学
短发情长,,,,,,,,,一身烟味
不辞青山,,,,,,,,,欲望
眸光,,,,,,,,,枪毙
梦中客,,,,,,,,,我重要吗再重都要
酒送阙辞,,,,,,,,,南笙北爱
浅酒恋人,,,,,,,,,梦中人心上人
无期珍重,,,,,,,,,欲占有欲
眠意寄秋风,,,,,,,,,三岁只有三岁
红袖添香,,,,,,,,,意外
千千晚星,,,,,,,,,浅歌入梦
清风扶醉月,,,,,,,,,玖辞
初冬的风,,,,,,,,,奶茶
木槿暖夏,,,,,,,,,狁彼
枭雄战,,,,,,,,,附鶴
傲血狂沙,,,,,,,,,化学迷妹物理大佬
虎瘦雄心在,,,,,,,,,鸡肋
马蹄声踏江山,,,,,,,,,秋辞
王与冠,,,,,,,,,南宸
傲气稳了全场,,,,,,,,,思悦
提刀为你斩天下,,,,,,,,,別在捏我臉辽
帝王抚佳人,,,,,,,,,闺蜜网名
王者欲起,,,,,,,,,心动电量过低
稳掌三界权,,,,,,,,,妄为
把权天下,,,,,,,,,青冢
擎天傲神,,,,,,,,,甜八岁i宠九岁i
稳握江山权,,,,,,,,,清风挽
冷心为帝,,,,,,,,,杜子滕大姨妈
袖手天下睨苍生,,,,,,,,,七染
主宰稳场,,,,,,,,,封茗substitute
戎马万世,,,,,,,,,谈谈恋爱
叩首称王,,,,,,,,,多余的解释
傲斗凌天,,,,,,,,,却邪
剑歌踏天下,,,,,,,,,清悦
凌驾风云之御姐,,,,,,,,,Sickgirl
王者非凡,,,,,,,,,眠睡眠
烟雨洛神,,,,,,,,,安生
气场两米八,,,,,,,,,取代
虎口夺江山,,,,,,,,,只为他归
浴血擎刀,,,,,,,,,月月明月
提笔废江山,,,,,,,,,斯息固织
一骑当十千,,,,,,,,,熊扑熊抱
孤傲一世的神,,,,,,,,,可可豆water
挥刀提笔战群狼,,,,,,,,,雲中謙友友億雲情
帝王朝天笑,,,,,,,,,风俗
帝级撒娇王,,,,,,,,,唯独对你心动
恣意踏江山,,,,,,,,,柠檬恋薄荷爱
野性稳江山,,,,,,,,,90后不老
策马横枪啸八荒,,,,,,,,,悬腻
挥剑战天地,,,,,,,,,人群恐惧
狂饮风中血,,,,,,,,,红梅白雪知
给我一秒毁坏世界,,,,,,,,,山河故人人间朝暮
王位之上,,,,,,,,,团团鸭
上分大魔王,,,,,,,,,星河满眼星河
長槍戰八方,,,,,,,,,君顾归兮
战场辉煌如帝王,,,,,,,,,知安长意
傲世万物,,,,,,,,,Emotiona小吃货
指尖的旋转,,,,,,,,,游人间
渐行渐远变陌路,,,,,,,,,躲进温柔
一场笑谈一场心殇,,,,,,,,,菠菜贱卖吃烤山药
你与时光皆薄情,,,,,,,,,鲸落南北鲨掉东西
不惧冷风,,,,,,,,,动人心弦
心底窒息的疼,,,,,,,,,山川沐海
空城只留空心人,,,,,,,,,端午一天
说不尽的伤,,,,,,,,,日落落
笑难敷衍心痛,,,,,,,,,花酿酒山涧茶
醒不来的梦,,,,,,,,,混世萝莉盖世英雄
人醒梦荒凉,,,,,,,,,响鹤
一世情深,,,,,,,,,小熊藏进冬天
一寸柚子清新,,,,,,,,,窝窝头
月色荒凉了黎明,,,,,,,,,是你撩不到的妹妹
栀子花开季节,,,,,,,,,她皱眉你会痛
墨韵浅月,,,,,,,,,Tiamo叛逆
清风和你,,,,,,,,,高冷爱人
叶落无痕,,,,,,,,,古巷以南
暗地着迷,,,,,,,,,别褪素衣
星空下的美好,,,,,,,,,为了感动谁
十二月雪景,,,,,,,,,不善言辞
薄荷微光少年,,,,,,,,,仅是回忆
暮烟疏雨时光,,,,,,,,,借风说话
那夜晓月,,,,,,,,,吃饱了事情没饭做
流年清染忧伤,,,,,,,,,偏执
众里嫣然一顾,,,,,,,,,红颜惑了谁的心
倚栏清风,,,,,,,,,国民女神哦买噶i
浅夏殇琉璃,,,,,,,,,曾绊过你
颓废人物,,,,,,,,,一世回眸万千情
回忆带入,,,,,,,,,十年一品温如言
放逐自我,,,,,,,,,温水总会变凉
空虛de心,,,,,,,,,爱到深处怎甘为友
无病呻吟,,,,,,,,,至命的流沙
致命爱情,,,,,,,,,你好就好了
让人窒息的回忆,,,,,,,,,梅定妒
隔绝,,,,,,,,,走心
魂魄失落,,,,,,,,,亦久日生情
慢慢天黑,,,,,,,,,无言
无梦旅人,,,,,,,,,他未归来i
何苦趟我这趟浑水,,,,,,,,,勿想勿念勿犯贱
心底的痛,,,,,,,,,再见二丁目
話語扎心,,,,,,,,,我在原地
你见爱情放过谁,,,,,,,,,陪我做吸血鬼
向谁诉说曾经,,,,,,,,,梦里梦外不相同
久病成医,,,,,,,,,若久
一世倾城繁华已去,,,,,,,,,我叫多余
纵然缘浅奈何情深,,,,,,,,,奔向你
向来缘浅奈何情深,,,,,,,,,暮时
心病无药医,,,,,,,,,长这么丑还不努力
喜你成疾药石无医,,,,,,,,,时节薄寒人
醒着做梦,,,,,,,,,哑涩柠檬i
落雨流,,,,,,,,,不敢回头
可望不可及,,,,,,,,,人情味
你是我的故事,,,,,,,,,半粒糖舔到伤
只剰沉默,,,,,,,,,西柚
森林味的曲奇,,,,,,,,,叛逆的青春
栀晚鸢乱,,,,,,,,,最熟悉的陌生人
没了心也没了肺,,,,,,,,,旧人终复还
落雨流殤,,,,,,,,,一丝踏实
灰飛煙滅,,,,,,,,,别回头
一笑一倾城,,,,,,,,,枕予温柔
断情戒爱,,,,,,,,,好多余
笙歌初寒夜未央,,,,,,,,,家是唯一的城堡
半城烟沙,,,,,,,,,天使i
柚花离海,,,,,,,,,许你清风
清风竹间行,,,,,,,,,藏梦
干净的像风,,,,,,,,,萌萌哒
春风吹皱了露,,,,,,,,,是梦终会醒
清晨的小鹿,,,,,,,,,故人难忘
树上的向日葵,,,,,,,,,大萌女
氧气柠檬,,,,,,,,,以假戏测真心
枝头渐绿,,,,,,,,,伴心与暖
奈何回眸已三生,,,,,,,,,你在尽头驻足
久碍你,,,,,,,,,依赖比深爱更可怕
小矜持,,,,,,,,,我怕我不够勇敢
难治愈,,,,,,,,,磨尽深情
到不了,,,,,,,,,墨发黛深
挽青丝,,,,,,,,,清水布衣
念花祭,,,,,,,,,窒息
别爱她,,,,,,,,,霭麓
倒计时,,,,,,,,,自己一人天黑黎明
丑八怪,,,,,,,,,暖人不暖心
小满足,,,,,,,,,似我沙哑
茉莉花,,,,,,,,,余温冷却
久夏青,,,,,,,,,满是深爱
烟寒若雨,,,,,,,,,人生若祗如初见
水袖萦香,,,,,,,,,淡淡青花刺
天风海涛,,,,,,,,,渗我心
只念伊人,,,,,,,,,他是梦
一笑而过,,,,,,,,,风扬起长发
陌上初安,,,,,,,,,你丑别皱眉
远山如黛,,,,,,,,,沾湿衣襟
高山流水,,,,,,,,,执子之手
离沐倾城,,,,,,,,,我懂我
嫣然一笑,,,,,,,,,小镇姑娘
素年凉音,,,,,,,,,别忘了最初的自己
潜移默化,,,,,,,,,有一个地方
无门有缘,,,,,,,,,seven昔年
凌波微步,,,,,,,,,丢失
深秋无痕,,,,,,,,,太完美
沉鱼落雁,,,,,,,,,都不及开始
往事如烟,,,,,,,,,维尼童话
岁月如歌,,,,,,,,,情深旧
如梦如幻,,,,,,,,,多久
临窗观景,,,,,,,,,隐身守候
昨日悲喜,,,,,,,,,白眼怪
闭月羞花,,,,,,,,,把手给我
痴人说梦,,,,,,,,,心软脾气硬
卿弦季鸢,,,,,,,,,不停歇的脚
山河风光,,,,,,,,,叫我小透明
拍一半拖,,,,,,,,,失眠症患者
爱我如何,,,,,,,,,旅人未别
六月情怀,,,,,,,,,我是怪咖
没你很好,,,,,,,,,偶尔和群
六神无主,,,,,,,,,夏有森光暖无疑
听闻疚梦,,,,,,,,,庸人
孤舟一橫,,,,,,,,,我用的笔是钻石头
篮球爱人,,,,,,,,,成事在人
灵犀心念,,,,,,,,,命与梦
未来日记,,,,,,,,,报告老师我叫夏课
缺氧乖张,,,,,,,,,最初
浮华落尽,,,,,,,,,说好的永远去哪了
浅怀感伤,,,,,,,,,一生热爱
若即若离,,,,,,,,,微笑听雨
望眼欲穿,,,,,,,,,三千情丝
风情万种,,,,,,,,,一个傻瓜的眼泪
烟花沼泽,,,,,,,,,借他的白衬衫
盛世流光,,,,,,,,,几度好感
云中谁忆,,,,,,,,,歌者友人
凡尘清心,,,,,,,,,喜欢关系
暮色年華,,,,,,,,,何必要心酸
亦久亦旧,,,,,,,,,耀世璀璨
半世离殇,,,,,,,,,让你见笑了
辣条小王子,,,,,,,,,吹拂过身
偷看祢一秒,,,,,,,,,久别了那花香
酷似你祖宗,,,,,,,,,死萤残照
你只能私藏,,,,,,,,,七街怪人
歌尽相思灭,,,,,,,,,后知后觉
咿呀咿呀哟,,,,,,,,,钱欧巴
请對我心動,,,,,,,,,眼泪都掉了
他深存我心,,,,,,,,,我做不到无坚不摧
星月作聘礼,,,,,,,,,谢绝施舍
爱拼才会赢,,,,,,,,,安如水
明天会更好,,,,,,,,,折旧事
活给自己看,,,,,,,,,长腿就是任性
莫欺少年穷,,,,,,,,,蓝天誓言
你再難遇我,,,,,,,,,萌呆成习惯
刚下凡不久,,,,,,,,,泪会风干
君踏桃花归,,,,,,,,,梦醒时分
无味是清欢,,,,,,,,,笑我孤独i
独揽九天月,,,,,,,,,恋爱写真
官方小可爱,,,,,,,,,谁说不行
,,,,,,,,,久违的幸福i
交友不交狗,,,,,,,,,违心
放縱的自由,,,,,,,,,猫丶小咪
给糖就不闹,,,,,,,,,如此美眷
听风念旧人,,,,,,,,,执念太深
赤血染黃沙,,,,,,,,,洗不净的污浊
把昨天作废,,,,,,,,,红酒加咸菜
浑身仙女味,,,,,,,,,情深臾凉
呆萌小甜心,,,,,,,,,孤独解酒
深海有鱼,,,,,,,,,心中爆炸
与我共梦,,,,,,,,,旧城旧梦i
过眼云烟,,,,,,,,,赏青怱怱
时间煮心,,,,,,,,,别闹
浮梦一生,,,,,,,,,冷悲伤
梦里浮生,,,,,,,,,阳光微笑女孩
我本凡尘,,,,,,,,,你在我安
笑叹词穷,,,,,,,,,看我进化成超人
不争炎凉,,,,,,,,,慰问
尘埃未定,,,,,,,,,离人怎挽
往复随安,,,,,,,,,赠我空欢
岁月了然,,,,,,,,,穿越人海
雨碎江南,,,,,,,,,谁在意呢
山水几程,,,,,,,,,别来无恙
时光倒影,,,,,,,,,假如时光能留你丶
深者入戏,,,,,,,,,掠眼繁华
心似站台,,,,,,,,,慢热怪友
卖梦旅人,,,,,,,,,没有拥抱
简遇而安,,,,,,,,,稚于最初
扁舟载月,,,,,,,,,被你抛弃
岁月枯荣,,,,,,,,,初次见面
岁月寄歌,,,,,,,,,青榆难寻旧梦
若有若无,,,,,,,,,久未遇你
三生一梦,,,,,,,,,怕孤独
南风共酒,,,,,,,,,彼年豆蔻
半梦半醒,,,,,,,,,回头率掉价
离人过客,,,,,,,,,习惯丶不从习惯
如此如此,,,,,,,,,一路独奏
随性随风,,,,,,,,,久溺深海淹死活该
雾里看花,,,,,,,,,早遇
旧风年间,,,,,,,,,猫一洋旳女子丶
似水浮生,,,,,,,,,释离愁
封面恋人,,,,,,,,,深爱之人所向睥睨
申请微笑,,,,,,,,,深水猫死i
光与眼睛,,,,,,,,,当泪滑过
他城之途,,,,,,,,,余尘独走
灰色轨迹,,,,,,,,,尴尬身份
心有良田,,,,,,,,,旧影似人
俗了清风,,,,,,,,,他心存她
苍景流年,,,,,,,,,别给我一枪你喊疼
沉敛一生,,,,,,,,,恍若初见
流年无恙,,,,,,,,,心多孔
风再起时,,,,,,,,,爱太心酸
余生浅末,,,,,,,,,眸映扶苏小闹人
一江春梦,,,,,,,,,迷失自己
何必这样,,,,,,,,,咎由自取
守望麦田,,,,,,,,,情感预支
孤单旅人,,,,,,,,,逗我笑
对饮三生,,,,,,,,,南岸少年我的梦
零落浮华,,,,,,,,,寄晚书
倒带人生,,,,,,,,,一身傲骨
逆旅行人,,,,,,,,,别再期待
明月清风,,,,,,,,,糯米尐团子
时光巷陌,,,,,,,,,眼角带笑
笑尽往事,,,,,,,,,大饼脸
勿忘今安,,,,,,,,,永无宁日
人亦已歌,,,,,,,,,不复相见
一醉南柯,,,,,,,,,避了你几千百公里
临风不自傲,,,,,,,,,爱过错过
烟酒浪子,,,,,,,,,旧时光是个美人
与孤独合葬,,,,,,,,,心安伴我暖i
幸福的碎片,,,,,,,,,拥抱漏风
撩心惯犯,,,,,,,,,深海归墟i
春风正得意,,,,,,,,,陌道红颜依何处
野獸難溫情,,,,,,,,,自我嘲讽
和自甴很熟,,,,,,,,,你走以后
傲似你野爹,,,,,,,,,没有温度i
奔放小青年,,,,,,,,,列表缺你
不羁之风,,,,,,,,,摆渡人
人生自编自导自演,,,,,,,,,忘记哭
十八闲客,,,,,,,,,沧笙踏歌
倦了轻狂少年,,,,,,,,,单木寻梦
下马问前程,,,,,,,,,海边吹吹風
人世多愁,,,,,,,,,时光暖心i
,,,,,,,,,暖寄归人
安若浅溪,,,,,,,,,旧时微风拂晓城
装睡的鹿先生,,,,,,,,,留恋昨天ii
丢猫少年,,,,,,,,,六月初夏
把我辜负,,,,,,,,,初恋软妹
做好你自己,,,,,,,,,凉丶
回忆劝我忘,,,,,,,,,陈迹清欢
那余伤未散,,,,,,,,,赖着迩一生
宿命中妥协,,,,,,,,,不愿将就
旧城的旧伤,,,,,,,,,笙夜何潇
满腔的辛酸,,,,,,,,,青春还在
你在远离我,,,,,,,,,南鸢北筏
后来你不在,,,,,,,,,梦游心间
心走人怎挽,,,,,,,,,梦里梦见他梦她
流泪哭到遗忘,,,,,,,,,忘几次才够
真的不快乐,,,,,,,,,偿还
与世无争,,,,,,,,,痴心妄想i
痞子配酒,,,,,,,,,青灯伴我
烈酒焚骨,,,,,,,,,随遇则安
无名先生,,,,,,,,,深知你是梦
孤傲何妨,,,,,,,,,time时光女孩
越努力越幸运,,,,,,,,,身边还有谁
风向决定发型,,,,,,,,,嘴里苦涩
他是梦也是命,,,,,,,,,不必对我太好i
披着狼皮的羊,,,,,,,,,你不是我的
把心酸当笑谈,,,,,,,,,流浪信号
糾結旳小青春,,,,,,,,,难归
呛了眼凉了心,,,,,,,,,柚苏
那一抹天空蓝,,,,,,,,,每个女孩都很美
时光向来煞人,,,,,,,,,君臣相顾尽
深情不如久伴,,,,,,,,,正在读取中
时间秒杀一切,,,,,,,,,溺爱
我与寂寞有染,,,,,,,,,Aries气质
多少楼台烟雨,,,,,,,,,等你一生永不悔
碎语浅吟海誓,,,,,,,,,重返二十岁
别谈情不言爱,,,,,,,,,伴君如酒
人从了心就怂,,,,,,,,,盲夜
指尖滑落的泪,,,,,,,,,抵消眼泪
久伴不如酒伴,,,,,,,,,阳光下梦醒的少年
蹭到你的怀里,,,,,,,,,南辕北辙
你眼里有星星,,,,,,,,,满了又空
心在痛泪在流,,,,,,,,,对你耍赖
许你青丝白发,,,,,,,,,心存暖人
那年杏花微雨,,,,,,,,,梦屿孤独相伴i
别再为爱纠缠,,,,,,,,,无人陪伴
夕鍚下嘚箛影,,,,,,,,,心悸于你
一只孤独的鬼,,,,,,,,,看不到未来
我记得我帅过,,,,,,,,,难免饰演过情人甲
余生独自流浪,,,,,,,,,万分遗憾
错过了就算了,,,,,,,,,待思量
随心随性随缘,,,,,,,,,傻瓜爲什麽拒絕我
花亦落心亦凉,,,,,,,,,四處徘徊i
许你一世安然,,,,,,,,,雾里清晰的归途
不倾城只倾心,,,,,,,,,多像笑话
只愿为你倾城,,,,,,,,,旧人乱人心i
许你一世倾城,,,,,,,,,情场女神
予你倾城温柔,,,,,,,,,次要人物
三分醒七分醉,,,,,,,,,草根
彼岸湮火流年,,,,,,,,,森友
天青色等烟雨,,,,,,,,,默言语
温暖逆光而来,,,,,,,,,旧梦拂落满身雪
听我说伴我笑,,,,,,,,,醉黄粱
相见不如怀念,,,,,,,,,陪衬角色
若别离无归期,,,,,,,,,安然处之
浅唱繁花似雨,,,,,,,,,黑白记忆i
没有依靠只剩骄傲,,,,,,,,,癡癡傻傻
生来善良坏得坦荡,,,,,,,,,你不爱我
立场简单我的别碰,,,,,,,,,敷衍的坚强
长话短说你是我的,,,,,,,,,孤妄情话
失而复得赴汤蹈火,,,,,,,,,明天过后
酷的像风野的像狗,,,,,,,,,深情傲骨
你说你的我活我的,,,,,,,,,闹够了就离开
回首往事虚惊一场,,,,,,,,,虚妄
心很小很容易满足,,,,,,,,,我不像她
我非柠檬为何心酸,,,,,,,,,疑心病
只等值的付出的人,,,,,,,,,醋意未尽
那一年我们的约定,,,,,,,,,原来我不能忘
受了伤的那匹雪狼,,,,,,,,,久住我心
宛西古法推拿理疗,,,,,,,,,不必烦忧
那年青春我们正好,,,,,,,,,对的人
你说爱情就是扯淡,,,,,,,,,泛黄旧照
我用青春伴你长情,,,,,,,,,远处寻你
玺子哥你是最棒的,,,,,,,,,旧袍一袭
南城以南思念不归,,,,,,,,,逗比女王
你对我而言像瞎子,,,,,,,,,你太善良
你是想嘉还是想坤,,,,,,,,,羞红了脸
逍遥王爷之小王爷,,,,,,,,,逆风的蔷薇
天使吻过的那片海,,,,,,,,,对着太阳说晚安i
漂流在外四海为家,,,,,,,,,梦言归人
囗彡莪的恋恋不忘,,,,,,,,,时光和你都已走远
四舍五入我两米高,,,,,,,,,爱我及他
王俊凯新闻资讯台,,,,,,,,,刺棘
耍帅装酷无所事事,,,,,,,,,Smile归零
假装开心的小孩,,,,,,,,,百日的恋人
最远的你是我最近,,,,,,,,,高冷病友
暖心凉茶苦咖啡,,,,,,,,,渐远
人非薄荷为何心凉,,,,,,,,,曾可懂
墨痕未染泪痕一笺,,,,,,,,,藏在心里的秘密
雾岛之樱小迷男,,,,,,,,,痴心不改
找喜被口的小仙女,,,,,,,,,青丝成白发
梦里梦见梦不见的,,,,,,,,,prettyboy
繁华落尽一片虚无,,,,,,,,,何所自居
被小姐姐撩到了呢,,,,,,,,,一人饮终老
情愿酒不醉人自醉,,,,,,,,,命里有你
善念是最好的陪伴,,,,,,,,,面具下的泪
执你之手把你喂狗,,,,,,,,,有时候
你若安好便是晴天,,,,,,,,,大不了重头再来
深情凭借时光陪伴,,,,,,,,,笑以搁浅
谁可以做我的老婆,,,,,,,,,别闹了i
不可一世的窮小子,,,,,,,,,择夕阳为景
陪你度过漫长岁月,,,,,,,,,梦醒终空
不做无法实现的梦,,,,,,,,,渴望叛逃
人前欢笑人后孤单,,,,,,,,,单眼皮男孩
你能踮起腳尖吻我,,,,,,,,,寸心难寄
动感超人有小怪兽,,,,,,,,,众矢之的
当你变成第三人称,,,,,,,,,残忍伤在自手i
昔日老友都去了哪,,,,,,,,,戴上皇冠i
久玩网络信息科技,,,,,,,,,往南迁徙
大风起兮裙裙飞扬,,,,,,,,,期待很浅
单身的男人爱上你,,,,,,,,,梦呓无常
我在等待你的出现,,,,,,,,,没法等待
逆麟卟败疯狂,,,,,,,,,给你描绘
一笔一画续写前缘,,,,,,,,,晚风吻尽
执于一世困于一念,,,,,,,,,心游你心
妳的傲慢我的偏見,,,,,,,,,对你感觉
北街深巷孤僻少年,,,,,,,,,来了又去
眼眸里的那抹悲凉,,,,,,,,,自找的痛就别喊疼
三寸光阴七寸执念,,,,,,,,,末烟
大姨妈不要伤害她,,,,,,,,,贪杯
久伴的前提是深爱,,,,,,,,,被挡访客
我们终将独自成长,,,,,,,,,说爱太烫嘴
流年未亡夏日已尽,,,,,,,,,未来尚久
友情出演你的故事,,,,,,,,,患得患失
你的爱变成了施舍,,,,,,,,,举世无双
爱你是我的必修课,,,,,,,,,回梦继昨
爱是回不去的旅行,,,,,,,,,孤心谁依
谁会陪我一起变老,,,,,,,,,更需要你
一天到晚红烧的鱼,,,,,,,,,扶褬
乌鸦也能展翅高飞,,,,,,,,,袖如风
时光笑我又傻又疯,,,,,,,,,短发飘飘不及腰
没你的地方不是家,,,,,,,,,涧花烟雨
傾城如夢未必闌珊,,,,,,,,,島是海哭碎菂訫
坐在坟头思考人生,,,,,,,,,妆薄铅华浅
你曾路过我的故事,,,,,,,,,心里妖娆成傷_
比你孤独也比你酷,,,,,,,,,断桥是否下过雪
彼岸花开彼岸叶败,,,,,,,,,少年入我心i
霸气侧漏的小男银,,,,,,,,,花瘦
她说的爱过是错过,,,,,,,,,青茶将芜
一个忧伤的美男子,,,,,,,,,你别来我无恙
西瓜和夏天更配哦,,,,,,,,,各居一方
绝望本就比死可怕,,,,,,,,,世界在为我笑i
烟花易逝你易变情,,,,,,,,,孩子气
讲道理你活在梦里,,,,,,,,,八念忘却故人事
指著你的心唱征服,,,,,,,,,没死不代表活着
毫無理智的瘋狂者,,,,,,,,,爱了散了那是命
浪了青春输了爱情,,,,,,,,,久了久了就旧了
输什么也不输骨气,,,,,,,,,你给我留的车后座
你若安好那还得了,,,,,,,,,被时光掩埋的秘密
酒多必醉言多必失,,,,,,,,,还牵挂而已
迩的爱莪独家收藏,,,,,,,,,世人痴情无数
时光的别名叫无心,,,,,,,,,我愿溺死深海
瞎子都夸俺长的美,,,,,,,,,半醉半醒半痴呆
这辈子我跟定你了,,,,,,,,,也难怪话少
轉身之後開始念你,,,,,,,,,笑你像狗
坚强的别名叫硬撑,,,,,,,,,海水不比泪咸
梦想不只是梦和想,,,,,,,,,为妻绾青丝
谨以此生等你白头,,,,,,,,,最后一次的温柔
烟花再美只是瞬间,,,,,,,,,为何告别好像解脱
别笑了眼泪都掉了,,,,,,,,,最好你经过我身旁
莪莈迩样浍佷好,,,,,,,,,可否听我倾诉几句
心有猛虎细嗅蔷薇,,,,,,,,,安全感是种怪癖
你又没胸凶什么凶,,,,,,,,,都怪时光太好听
时光与爱终年不遇,,,,,,,,,深得你心倍感荣幸
人丑话少脾气不好,,,,,,,,,我愿为你猖獗
没有了海绵的宝宝,,,,,,,,,思念思念非死及念
你给的承诺已过期,,,,,,,,,人潮衬托我的孤单
我的幸福无法靠岸,,,,,,,,,想哭就要笑
捻一丝江南的细雨,,,,,,,,,请抱紧我别放开
除了美我一无所有,,,,,,,,,南北注定背驰
懂得珍惜才配拥有,,,,,,,,,自作多情
酷到爆炸的小仙女,,,,,,,,,莫向花牋费泪行
我负天下唯不负你,,,,,,,,,怀蠢少女
彼岸花开美到忧伤,,,,,,,,,忍让
你若不离我绝不弃,,,,,,,,,对我笑就行了
稚于最初安于情长,,,,,,,,,野区温柔鬼
一个人习惯了发呆,,,,,,,,,我要你养我
陪你从婚礼到葬礼,,,,,,,,,素颜
听闻青春十言九妄,,,,,,,,,Dear妖孽
世界很大孤独很满,,,,,,,,,傲娇似你妹
固执到世界都毁灭,,,,,,,,,欲望成精
十里盛世灯火阑珊,,,,,,,,,Pure单纯
背后的伤痛谁能懂,,,,,,,,,夏诗涵
凉心菇凉早已绝情,,,,,,,,,社会野女
我已沒心談何花心,,,,,,,,,花落花開
我們像糖甜到悲傷,,,,,,,,,野权少女
半夏微凉暖冬依旧,,,,,,,,,奶茶妮子
回眸一笑倾国倾城,,,,,,,,,野心未泯
时光深巷少女与猫,,,,,,,,,独街浪女
残留旳爱余温散尽,,,,,,,,,汝不知情深
一言不合抡起拳头,,,,,,,,,gorgeous倾国倾城
心只为你一人跳动,,,,,,,,,酷似你野爹k
抬头阳光依旧温暖,,,,,,,,,Moment绝望
三分优雅七分人渣,,,,,,,,,白菊毒女
女人就该活的漂亮,,,,,,,,,少女看黄书
百度里也搜不到姐,,,,,,,,,LuckyOne
没有背景只有背影,,,,,,,,,混世小野女
喂你的裤衩好耀眼,,,,,,,,,娇纵小可爱
让时间筛选对的人,,,,,,,,,Smile
毛爷爷快到兜里来,,,,,,,,,smile
故事很长你别离开,,,,,,,,,陪你痴狂一生
你别皱眉你最珍贵,,,,,,,,,你好余生生
浅浅的情足以铭记,,,,,,,,,Youaresolovely
花开花败你已不在,,,,,,,,,Turned丶陌影
中国辣条协会会长,,,,,,,,,废物兮
我不蓝瘦但是香菇,,,,,,,,,念旧cunese
天大地大妈咪最大,,,,,,,,,Dreams凉兮
不念过去不畏将来,,,,,,,,,妄想徒手摘星辰
他是太阳深拥必伤,,,,,,,,,酒瘾成妓
只有影子不离不弃,,,,,,,,,追梦
余生不再为你难过,,,,,,,,,酷似你野爹
姐的温柔绝不喂狗,,,,,,,,,蠢与纯与唇
灰化肥会发挥发黑,,,,,,,,,Killme
别太久,,,,,,,,,神的宠儿
陈年白,,,,,,,,,Littleluck小幸运
伤痛换来成长,,,,,,,,,一身温柔病
淡疤,,,,,,,,,旧言虐心Person
我想稳定,,,,,,,,,气场二米八
不谈爱情,,,,,,,,,Camille
昨日雾浓,,,,,,,,,伦情
稳场孤王,,,,,,,,,混世萝莉
夜盲症,,,,,,,,,深爱过所以难忘
烈酒花生,,,,,,,,,Ending结局
七上八下,,,,,,,,,举抢打婊
王炫迈阿桐,,,,,,,,,灭婊女神
我巨坚强,,,,,,,,,手插口袋谁都不愛
恍惚,,,,,,,,,愿你余生不孤寂
空烨,,,,,,,,,鬼说你欣
风度,,,,,,,,,瞎扯淡的青春
霍乱,,,,,,,,,总有逗比挑衅本宫
南稚,,,,,,,,,呆萌妹紙拽天下
捕梦网,,,,,,,,,魁九戒
先驱者,,,,,,,,,混世魔王的小娇妻
,,,,,,,,,Artistic失心疯
殇箌茈僞祉,,,,,,,,,去你大爷
在意,,,,,,,,,半夏vienna
簡單愛,,,,,,,,,枪口小辣椒
偏执狂,,,,,,,,,Awaste一个废人
醉笙情,,,,,,,,,忘川酒
伤痛能耐我何,,,,,,,,,Koreyoshi唯美
最怕挣扎i,,,,,,,,,佛不渡众生
你挺能闹i,,,,,,,,,魅力女王
道尽痴情,,,,,,,,,少女的朝思暮想
删除回忆录,,,,,,,,,羁绊
好坚强的,,,,,,,,,陪你看星星
莫来忧伤,,,,,,,,,谎话迷人
,,,,,,,,,老巷里的猫
超神的节奏i,,,,,,,,,污心少女
逐渐迈入成熟,,,,,,,,,如初
夏颜,,,,,,,,,手帕香多处
追答,,,,,,,,,黔默
眷念,,,,,,,,,missing思念
情切,,,,,,,,,糖三岁
念旧,,,,,,,,,薄情眉
柔情,,,,,,,,,玫瑰
酒里情话,,,,,,,,,安寂
落暮伊人,,,,,,,,,一个拥抱
平生一顾,,,,,,,,,憑空爛桃花
眉目成书,,,,,,,,,暮风古榕待人归
温声软语,,,,,,,,,听山寺晚钟
心有猛虎,,,,,,,,,苏小暖
无恙,,,,,,,,,爱恨随心
小柠檬,,,,,,,,,依赖
青衫湿,,,,,,,,,舔奶盖的小仙女
笑我蠢,,,,,,,,,萌丫丫
光辉终结,,,,,,,,,昨夜星辰恰似你
时光旅行者,,,,,,,,,撩拨
愿如初,,,,,,,,,叹情
薄命人,,,,,,,,,只叹岁月撩人
嘎嘣脆,,,,,,,,,情丝指间绕
匹诺曹,,,,,,,,,窈窕名妓
言衷善,,,,,,,,,像风一样
檐前缺,,,,,,,,,凤绾
强心脏I,,,,,,,,,青春沿途陌上花
爱你没怂过,,,,,,,,,另類
社会不惯人,,,,,,,,,离人犹未归
叼花硬汉,,,,,,,,,花落尽长安
八度心,,,,,,,,,请君莫相忘
再后来者,,,,,,,,,Domino多米诺
残酷月光,,,,,,,,,佛說你芮超級酷
啭裑落涙,,,,,,,,,墓月
痴心妄想,,,,,,,,,惡勁軍
墨迹骚年,,,,,,,,,盈迁
不见不贱,,,,,,,,,孤独入客枕
,,,,,,,,,蜡笔A梦
,,,,,,,,,温柔
,,,,,,,,,袖风
,,,,,,,,,乔笙
,,,,,,,,,元气萝莉
,,,,,,,,,俛眉
,,,,,,,,,西山
,,,,,,,,,夙和
,,,,,,,,,撩人
,,,,,,,,,凡尘
,,,,,,,,,仙女疯笑仙
,,,,,,,,,筠仙
,,,,,,,,,安稳
,,,,,,,,,少女恶习
,,,,,,,,,野性十足
,,,,,,,,,还我奶糖哇
,,,,,,,,,清时容钓隐
,,,,,,,,,莞尔
,,,,,,,,,Manjusaka丶凄美
,,,,,,,,,我是草莓味的
,,,,,,,,,苏苒
,,,,,,,,,美少女
,,,,,,,,,默念
,,,,,,,,,事实
,,,,,,,,,吃货自然萌i
,,,,,,,,,我年幼时的梦
,,,,,,,,,余音袅袅归
,,,,,,,,,挽安
,,,,,,,,,尽揽少女心
,,,,,,,,,佛不渡我
,,,,,,,,,幼儿园的可耐担当
,,,,,,,,,对此欢终宴
,,,,,,,,,風吹入眉梢
,,,,,,,,,北城忆
,,,,,,,,,井后驹临
,,,,,,,,,习惯了可爱
,,,,,,,,,你家小仙女
,,,,,,,,,抗抗
,,,,,,,,,米莉
,,,,,,,,,蹦蹦
,,,,,,,,,婧婧
,,,,,,,,,小乖
,,,,,,,,,绿绿
,,,,,,,,,哈里
,,,,,,,,,桃子
,,,,,,,,,瑞瑞
,,,,,,,,,豆儿
,,,,,,,,,洋洋
,,,,,,,,,丝丝
,,,,,,,,,呆呆
,,,,,,,,,小不
,,,,,,,,,小英
,,,,,,,,,莎球
,,,,,,,,,仔仔
,,,,,,,,,琥岷
,,,,,,,,,甜甜
,,,,,,,,,图图
,,,,,,,,,铁饭碗
,,,,,,,,,威宝
,,,,,,,,,琅琅
,,,,,,,,,多多
,,,,,,,,,胖多福
,,,,,,,,,王子
,,,,,,,,,旺旺
,,,,,,,,,思思
,,,,,,,,,捕头
,,,,,,,,,丝印
,,,,,,,,,猫咛
,,,,,,,,,柯尔
,,,,,,,,,路德
,,,,,,,,,波波
,,,,,,,,,波点
,,,,,,,,,圆点
,,,,,,,,,晨初
,,,,,,,,,梦终
,,,,,,,,,暖阳单车少年与光
,,,,,,,,,微暖南湾少女与裙
,,,,,,,,,晨雨初听
,,,,,,,,,晨初听雨
,,,,,,,,,慵懒与猫
,,,,,,,,,咖啡与书
,,,,,,,,,一起长大的约定
,,,,,,,,,彼此不忘的初心
,,,,,,,,,我在这里
,,,,,,,,,等风等你
,,,,,,,,,北有凉城
,,,,,,,,,雨落伊人
,,,,,,,,,朱颜白骨
,,,,,,,,,暖南倾绿
,,,,,,,,,十里笙歌
,,,,,,,,,山行泛舟游
,,,,,,,,,旧梦离裳
,,,,,,,,,将长风做刃
,,,,,,,,,醉饮南巷清风酒
,,,,,,,,,自若清风
,,,,,,,,,翻成云恨雨愁
,,,,,,,,,一纸水与青
,,,,,,,,,醉酒鞭名马
,,,,,,,,,诗里寻
,,,,,,,,,一语呢喃
,,,,,,,,,山川情诗
,,,,,,,,,素衣清颜淡若尘
,,,,,,,,,浮生夢凉
,,,,,,,,,盖世英雄
,,,,,,,,,盖世仙女
,,,,,,,,,世事堪玩味
,,,,,,,,,梦已隔江南
,,,,,,,,,肩上风尘
,,,,,,,,,江南未寒
,,,,,,,,,人间风雪客
,,,,,,,,,四方赏晴雨
,,,,,,,,,六句迷人诗
,,,,,,,,,笑梦风尘
,,,,,,,,,不雨花犹落
,,,,,,,,,一挽清愁
,,,,,,,,,风忘了矜持
,,,,,,,,,一两清欢
,,,,,,,,,岁暮酿
,,,,,,,,,一杯敬朝阳
,,,,,,,,,一杯敬月光
,,,,,,,,,情侣昵称配对
,,,,,,,,,棱角少年
,,,,,,,,,甜心少女
,,,,,,,,,曾经的曾经
,,,,,,,,,现在的现在
,,,,,,,,,鱼巷猫归
,,,,,,,,,诗人的野猫
,,,,,,,,,戏骨清风
,,,,,,,,,恬淡春风
,,,,,,,,,浅夏安然
,,,,,,,,,春风抚皱又拂陈
,,,,,,,,,无梦相赠
,,,,,,,,,山楂味的诗
,,,,,,,,,犬马不复来
,,,,,,,,,长青诗
,,,,,,,,,青灯有味
,,,,,,,,,明月踏清风
,,,,,,,,,夏树繁花
,,,,,,,,,久遇
,,,,,,,,,酒与
,,,,,,,,,不知名地下组织
,,,,,,,,,魔仙堡
,,,,,,,,,不醒人室
,,,,,,,,,脱单自觉退群
,,,,,,,,,重金求发
,,,,,,,,,秃头小姐妹
,,,,,,,,,高等教育出版社
,,,,,,,,,土味研究学院
,,,,,,,,,娱乐圈小花旦
,,,,,,,,,世界隐形富豪组织
,,,,,,,,,温泉度假山庄
,,,,,,,,,初遇与你
,,,,,,,,,后来与你
,,,,,,,,,杠精艺术交流会
,,,,,,,,,撩汉小分队
,,,,,,,,,颜值巅峰仙女们
,,,,,,,,,仙女阁
,,,,,,,,,火锅突击队
,,,,,,,,,神经病院五号房
,,,,,,,,,扶贫工作群
,,,,,,,,,小黑屋
,,,,,,,,,关爱智障儿童群
,,,,,,,,,联合国
,,,,,,,,,美少女战士小分队
,,,,,,,,,延禧宫
,,,,,,,,,睡觉集中营
,,,,,,,,,南半球的思念
,,,,,,,,,北半球的爱恋
,,,,,,,,,可遇而不可求
,,,,,,,,,可望而不可及
,,,,,,,,,旅人与风
,,,,,,,,,梵音与笙
,,,,,,,,,清晨气息
,,,,,,,,,向着太阳迎着光
,,,,,,,,,低声细语
,,,,,,,,,时光静好
,,,,,,,,,微风依旧
,,,,,,,,,爱意渐浓
,,,,,,,,,缥缈淡如风
,,,,,,,,,春去春来
,,,,,,,,,柠萌味的西瓜
,,,,,,,,,白色秋天
,,,,,,,,,清晨的雨
,,,,,,,,,慕雨遙长
,,,,,,,,,彩虹天堂
,,,,,,,,,夏末晨曦
,,,,,,,,,眉黛花间坐
,,,,,,,,,向日葵的微笑
,,,,,,,,,粉面含春
,,,,,,,,,阳光下你的笑
,,,,,,,,,暖风吹怀
,,,,,,,,,绿了江南
,,,,,,,,,暖巷拾桃花
,,,,,,,,,安之若素
,,,,,,,,,沿途的风景
,,,,,,,,,放肆的微笑
,,,,,,,,,风吹裙摆
,,,,,,,,,满池千叶莲
,,,,,,,,,桔味美人
,,,,,,,,,清晨薄雾
,,,,,,,,,阳光的味道
,,,,,,,,,橘色汽水
,,,,,,,,,月光白
,,,,,,,,,暖风入怀
,,,,,,,,,倾听心跳
,,,,,,,,,帆布鞋的快乐
,,,,,,,,,月色迷人
,,,,,,,,,林间卿歌
,,,,,,,,,清风耳畔拂
,,,,,,,,,西风过纱
,,,,,,,,,细雨挽轻裳
,,,,,,,,,粉色蔷薇
,,,,,,,,,风吹麦浪
,,,,,,,,,是你心底的光啊
,,,,,,,,,你会对我的暖上瘾
,,,,,,,,,正儿八经的绅士
,,,,,,,,,佛都说我暖得很
,,,,,,,,,做你背后的温柔啊
,,,,,,,,,我的拥抱只欠你的
,,,,,,,,,心房里只有你啊
,,,,,,,,,暖心先森
,,,,,,,,,实打实的好男孩儿
,,,,,,,,,姑娘我来追你吧
,,,,,,,,,只暖你的暖阳
,,,,,,,,,暖雅痞
,,,,,,,,,只跟你的幸福有约
,,,,,,,,,会暖得你冒泡泡
,,,,,,,,,暖暖的便利贴
,,,,,,,,,属热水袋的啊
,,,,,,,,,向日葵一般的少年
,,,,,,,,,为你沉沦
,,,,,,,,,奶罐
,,,,,,,,,痞子爱人
,,,,,,,,,甜吻
,,,,,,,,,用命博青春
,,,,,,,,,喵叽
,,,,,,,,,奔跑的五花肉
,,,,,,,,,海王大人
,,,,,,,,,浪月
,,,,,,,,,寻欢
,,,,,,,,,青衫烟雨
,,,,,,,,,一缕暖阳
,,,,,,,,,顾北清歌寒
,,,,,,,,,沐小悠
,,,,,,,,,圣宪
,,,,,,,,,钦豫
,,,,,,,,,勇瑜
,,,,,,,,,尚锐
,,,,,,,,,韵歌
,,,,,,,,,岩璨
,,,,,,,,,君伟
,,,,,,,,,汛立
,,,,,,,,,鸣泰
,,,,,,,,,哲悦
,,,,,,,,,雷辰
,,,,,,,,,成嘉
,,,,,,,,,建勤
,,,,,,,,,奕辉
,,,,,,,,,晟棋
,,,,,,,,,鹏誉
,,,,,,,,,煜峰
,,,,,,,,,抒文
,,,,,,,,,源依
,,,,,,,,,波炯
,,,,,,,,,俊威
,,,,,,,,,凡然
,,,,,,,,,明瑜
,,,,,,,,,鸿俊
,,,,,,,,,博超
,,,,,,,,,德馨
,,,,,,,,,旭石
,,,,,,,,,文强
,,,,,,,,,光轩
,,,,,,,,,雪珩
,,,,,,,,,都恩
,,,,,,,,,昕杰
,,,,,,,,,鸿光
,,,,,,,,,皓涛
,,,,,,,,,鑫磊
,,,,,,,,,威润
,,,,,,,,,霖旭
,,,,,,,,,伦博
,,,,,,,,,敏超
,,,,,,,,,引波
,,,,,,,,,伟乐
,,,,,,,,,轩玄
,,,,,,,,,苑羲
,,,,,,,,,骏杰
,,,,,,,,,男爵
,,,,,,,,,清醒
,,,,,,,,,缨璃
,,,,,,,,,尤洒
,,,,,,,,,笙北
,,,,,,,,,苏北
,,,,,,,,,江山
,,,,,,,,,江愁
,,,,,,,,,晴天
,,,,,,,,,鲸落
,,,,,,,,,青迟
,,,,,,,,,柚屿
,,,,,,,,,忆忧
,,,,,,,,,希年
,,,,,,,,,栀柚
,,,,,,,,,烟北
,,,,,,,,,尘笙
,,,,,,,,,着迷
,,,,,,,,,惊鸿
,,,,,,,,,余悸
,,,,,,,,,阔以
,,,,,,,,,椿湫
,,,,,,,,,余罪
,,,,,,,,,封笔
,,,,,,,,,半島
,,,,,,,,,城北
,,,,,,,,,殊途
,,,,,,,,,故里
,,,,,,,,,逆袭
,,,,,,,,,川暮
,,,,,,,,,孤猫
,,,,,,,,,空心
,,,,,,,,,阡陌
,,,,,,,,,無心
,,,,,,,,,獨爱
,,,,,,,,,化风
,,,,,,,,,饭团
,,,,,,,,,爱卿
,,,,,,,,,直男
,,,,,,,,,奔赴
,,,,,,,,,木兮
,,,,,,,,,暖阳
,,,,,,,,,废清
,,,,,,,,,迟暮
,,,,,,,,,归安
,,,,,,,,,九月
,,,,,,,,,忆夏
,,,,,,,,,浪人
,,,,,,,,,孤傲
,,,,,,,,,勿扰
,,,,,,,,,听闻
,,,,,,,,,慵懒
,,,,,,,,,病娇
,,,,,,,,,禁忌
,,,,,,,,,听风
,,,,,,,,,执念
,,,,,,,,,仙狸
,,,,,,,,,孤魂
,,,,,,,,,池魚
,,,,,,,,,敷衍
,,,,,,,,,单枪
,,,,,,,,,人总要靠自己
,,,,,,,,,要拼才会赢
,,,,,,,,,无畏向前
,,,,,,,,,奋斗吧
,,,,,,,,,遇见未来不躲避
,,,,,,,,,我还能坚持
,,,,,,,,,有梦才会去努力
,,,,,,,,,重拾女人心
,,,,,,,,,给未来的自己拼路
,,,,,,,,,人家在前进
,,,,,,,,,我不能输
,,,,,,,,,努力奮戰中考
,,,,,,,,,学霸养成
,,,,,,,,,记得要微笑
,,,,,,,,,争取当学霸
,,,,,,,,,成就儿时的梦想
,,,,,,,,,拼了老命在学习i
,,,,,,,,,我叫意志力i
,,,,,,,,,逆袭吧Juvenile
,,,,,,,,,一个人面对所有
,,,,,,,,,坐看云起时
,,,,,,,,,奔跑告别过去种种
,,,,,,,,,奋斗的小青年
,,,,,,,,,明天依然是晴天
,,,,,,,,,超越自已
,,,,,,,,,谱写自己的人生
,,,,,,,,,从未停步
,,,,,,,,,心有阳光
,,,,,,,,,在孤单中奋斗
,,,,,,,,,堅持到底
,,,,,,,,,Zh1为明天
,,,,,,,,,崛起
,,,,,,,,,化蛹为碟
,,,,,,,,,只考清华
,,,,,,,,,失败也要败得漂亮
,,,,,,,,,命甴己造
,,,,,,,,,还有明天
,,,,,,,,,不拼不搏等于白活
,,,,,,,,,破釜沉舟
,,,,,,,,,背水一战
,,,,,,,,,全力以赴
,,,,,,,,,不成功也成仁
,,,,,,,,,眉眼如故
,,,,,,,,,附送折磨
,,,,,,,,,浅笑心柔
,,,,,,,,,流失的梦
,,,,,,,,,彩虹的天堂
,,,,,,,,,沉沦的爱
,,,,,,,,,躲避那颗心
,,,,,,,,,最美不过初相见
,,,,,,,,,亲密老友
,,,,,,,,,孤人自嘲
,,,,,,,,,选择离殇
,,,,,,,,,回忆不能淡忘
,,,,,,,,,太阳还暖
,,,,,,,,,酒蚀离心人
,,,,,,,,,头牌浪徒
,,,,,,,,,叫自己放手
,,,,,,,,,春风酿酒
,,,,,,,,,孤寂
,,,,,,,,,拼一个春夏秋冬
,,,,,,,,,有爱就有恨
,,,,,,,,,等风也等你
,,,,,,,,,难如初
,,,,,,,,,偏爱成痛
,,,,,,,,,无法抗拒
,,,,,,,,,入了她心
,,,,,,,,,与你终老
,,,,,,,,,你说我听
,,,,,,,,,温柔为你
,,,,,,,,,此情依旧
,,,,,,,,,思君朝与暮
,,,,,,,,,你是我的心动
,,,,,,,,,挚爱的少年
,,,,,,,,,多情予你
,,,,,,,,,只沾花不惹草
,,,,,,,,,死生皆不能安
,,,,,,,,,旧画面重演
,,,,,,,,,写与众人说
,,,,,,,,,是该结束了
,,,,,,,,,忽近忽远
,,,,,,,,,妳終究不是我的
,,,,,,,,,听风讲你
,,,,,,,,,我真窝囊
,,,,,,,,,花开一场梦
,,,,,,,,,我陪着你走
,,,,,,,,,一千米的孤独深海
,,,,,,,,,陌丄未央
,,,,,,,,,黑色面具
,,,,,,,,,岁月如初
,,,,,,,,,自由如风
,,,,,,,,,寸寸旧时光
,,,,,,,,,知己知彼
,,,,,,,,,黑色的泪滴
,,,,,,,,,喋喋不休
,,,,,,,,,道法自成
,,,,,,,,,完美江逸
,,,,,,,,,万佛朝宗
,,,,,,,,,人間无味
,,,,,,,,,一声煞气
,,,,,,,,,三三得九
,,,,,,,,,爱与理想
,,,,,,,,,过江之鲫
,,,,,,,,,改邪归我
,,,,,,,,,一世风华
,,,,,,,,,天生好命
,,,,,,,,,几笔成书
,,,,,,,,,松烟入墨
,,,,,,,,,盏茶作酒
,,,,,,,,,孤寂男神
,,,,,,,,,未必會来
,,,,,,,,,那是信仰
,,,,,,,,,略有违和
,,,,,,,,,都是世俗
,,,,,,,,,劣质烟味
,,,,,,,,,溫柔將領
,,,,,,,,,不知人意
,,,,,,,,,老生常谈
,,,,,,,,,天马行空
,,,,,,,,,给我生活
,,,,,,,,,傲气王权
,,,,,,,,,危险人物
,,,,,,,,,超级喜欢
,,,,,,,,,十惡不赦
,,,,,,,,,情感废物
,,,,,,,,,风华绝代
,,,,,,,,,威虎做账
,,,,,,,,,坦然自若
,,,,,,,,,南烟北飞
,,,,,,,,,野心玩家
,,,,,,,,,天生反骨
,,,,,,,,,白镜厝衫
,,,,,,,,,清风伴虎
,,,,,,,,,上瘾囚犯
,,,,,,,,,打碎面具
,,,,,,,,,逢场作戏
,,,,,,,,,你的君王
,,,,,,,,,卑人三虑
,,,,,,,,,天真吴邪
,,,,,,,,,一意孤行
,,,,,,,,,戏子薄情
,,,,,,,,,醉生梦死
,,,,,,,,,柠檬花扣
,,,,,,,,,璎婲
,,,,,,,,,方寸月光
,,,,,,,,,旧巷望雨
,,,,,,,,,紫樱千夏
,,,,,,,,,凝安
,,,,,,,,,倾听雨落
,,,,,,,,,满树樱花
,,,,,,,,,心雨秋
,,,,,,,,,简以时光
,,,,,,,,,暖夏清风
,,,,,,,,,北船余香
,,,,,,,,,沐叶清风
,,,,,,,,,月牙弯弯
,,,,,,,,,清风霁月
,,,,,,,,,浅墨惜晨
,,,,,,,,,浪漫果味
,,,,,,,,,樱柚少女
,,,,,,,,,傲性小仙女
,,,,,,,,,乖乖长大
,,,,,,,,,萌音草莓
,,,,,,,,,草莓味甜甜圈
,,,,,,,,,风透绣罗衣
,,,,,,,,,辉落屋檐
,,,,,,,,,明朗百合
,,,,,,,,,落雪有声
,,,,,,,,,初梦良安
,,,,,,,,,夏初凉
,,,,,,,,,盛夏尉蓝
,,,,,,,,,暖暖的太阳
,,,,,,,,,天青色等烟云
,,,,,,,,,惜灵静雅
,,,,,,,,,逝雪深
,,,,,,,,,凉风慕槿篱
,,,,,,,,,梦幻之露
,,,,,,,,,天暗下来你就是光
,,,,,,,,,难以抗拒你的容颜
,,,,,,,,,真心真意过一生
,,,,,,,,,生命的记号
,,,,,,,,,感情很骨感
,,,,,,,,,荣誉的标志
,,,,,,,,,吵醒的梦想
,,,,,,,,,遗憾的说
,,,,,,,,,门前大桥下
,,,,,,,,,洪荒少女
,,,,,,,,,余生请你指教
,,,,,,,,,像雾像雨又像风
,,,,,,,,,天佑爱人
,,,,,,,,,行雁书
,,,,,,,,,敬你春风野马
,,,,,,,,,山川志
,,,,,,,,,天凉才是好个秋
,,,,,,,,,调怅人间几场梦
,,,,,,,,,清宁时光
,,,,,,,,,枝上绵蛮
,,,,,,,,,枝头花几许
,,,,,,,,,心城以北
,,,,,,,,,清秋落叶聚还散
,,,,,,,,,春在无人处
,,,,,,,,,吹皱一池春水
,,,,,,,,,羡煞尘器
,,,,,,,,,绾起梨花月
,,,,,,,,,风月不等闲
,,,,,,,,,风里有诗句
,,,,,,,,,梦远无从寄
,,,,,,,,,风绾梦境悠
,,,,,,,,,陈情匿旧酒
,,,,,,,,,诗呓
,,,,,,,,,森树白云
,,,,,,,,,一纸枕书
,,,,,,,,,书煮日月
,,,,,,,,,杯酒挽歌和
,,,,,,,,,煮诗
,,,,,,,,,岁岁伴你偏无休
,,,,,,,,,好歌不怕旧
,,,,,,,,,好友不嫌久
,,,,,,,,,迷糊短发妹
,,,,,,,,,半夏半微凉
,,,,,,,,,正宗傻白甜
,,,,,,,,,别两难
,,,,,,,,,你别浪
,,,,,,,,,眉眼如初
,,,,,,,,,仙气女孩
,,,,,,,,,出卖心动
,,,,,,,,,热爱世界
,,,,,,,,,软得离谱
,,,,,,,,,精緻
,,,,,,,,,勉强可爱
,,,,,,,,,尽揽风月
,,,,,,,,,月野兔
,,,,,,,,,少女山的月亮
,,,,,,,,,酒薄易醒
,,,,,,,,,默语白书
,,,,,,,,,麻衣如雪
,,,,,,,,,虚室生白
,,,,,,,,,何故沾衣
,,,,,,,,,五谷不分
,,,,,,,,,不如恋物
,,,,,,,,,等风初吻
,,,,,,,,,青竹予我
,,,,,,,,,森陌夏栀
,,,,,,,,,清歌留欢
,,,,,,,,,紫涩微凉
,,,,,,,,,风的印记
,,,,,,,,,怎舍别离
,,,,,,,,,风中追风
,,,,,,,,,语浅情浓
,,,,,,,,,众人心欢
,,,,,,,,,不若如初
,,,,,,,,,重拾旧梦
,,,,,,,,,久等你归
,,,,,,,,,夏之泡沫
,,,,,,,,,南笙初好
,,,,,,,,,微凉的倾城时光
,,,,,,,,,谁也不许回过头
,,,,,,,,,末秋席卷一季繁华
,,,,,,,,,伊人柔情为谁似水
,,,,,,,,,旧时光的影子爱人
,,,,,,,,,青春續寫誰的永恒
,,,,,,,,,穿草裙的少女
,,,,,,,,,攒一袋星星
,,,,,,,,,自在乄小宅
,,,,,,,,,超喜欢你
,,,,,,,,,全球少女萌主
,,,,,,,,,短腿猫不吃鱼
,,,,,,,,,让我眼熟你
,,,,,,,,,蘸点软妹酱
,,,,,,,,,无敌小可爱
,,,,,,,,,猫耳朵胡同巷
,,,,,,,,,奶气丫头自然萌i
,,,,,,,,,猫腻菇凉
,,,,,,,,,软哞哞的稚女
,,,,,,,,,萝莉泡泡浴
,,,,,,,,,你是我的天晴
,,,,,,,,,流水指年
,,,,,,,,,捧着风的少女
,,,,,,,,,向日葵般旳坚强
,,,,,,,,,眸光似星辰
,,,,,,,,,旅行箱和梦想
,,,,,,,,,屿蓝深海
,,,,,,,,,那么美的曾经
,,,,,,,,,陌上烟雨遥
,,,,,,,,,夏丶沐瑾
,,,,,,,,,轻风依旧
,,,,,,,,,念初心
,,,,,,,,,清风与鹿
,,,,,,,,,远方的情书
,,,,,,,,,穿着碎花裙的少女
,,,,,,,,,停不住的记忆
,,,,,,,,,heart随遇而安
,,,,,,,,,陌生默笙
,,,,,,,,,我萌你丑
,,,,,,,,,我们一起萌萌哒
,,,,,,,,,青柠之夏
,,,,,,,,,呆呆的小吃货
,,,,,,,,,萌比从天而降
,,,,,,,,,可爱鬼
,,,,,,,,,萌界大人物
,,,,,,,,,温柔可爱正能量
,,,,,,,,,古灵精怪小妖精
,,,,,,,,,草莓味的风
,,,,,,,,,向日葵的爱恋
,,,,,,,,,祖国滴粑粑花
,,,,,,,,,叫我大姐姐
,,,,,,,,,卖萌症
,,,,,,,,,可爱的过分
,,,,,,,,,超级无敌小机智
,,,,,,,,,咕咕钟的夏天
,,,,,,,,,卖萌你买不买
,,,,,,,,,神马格调独领风骚
,,,,,,,,,转身後落泪
,,,,,,,,,小镇与凉梦
,,,,,,,,,梅芳竹清
,,,,,,,,,长裙女子
,,,,,,,,,握不住的他和沙
,,,,,,,,,青柠梦境
,,,,,,,,,暴走的小菇凉
,,,,,,,,,安若少年初入梦
,,,,,,,,,橘香
,,,,,,,,,雨后的爱情
,,,,,,,,,路过风景路过你
,,,,,,,,,相逢错过天意
,,,,,,,,,未来可期
,,,,,,,,,任性的人生
,,,,,,,,,雨的印迹
,,,,,,,,,心情的温度
,,,,,,,,,辞浅
,,,,,,,,,你我不合
,,,,,,,,,静谧而安
,,,,,,,,,似水往昔
,,,,,,,,,南街戏子
,,,,,,,,,沧桑过后正年轻
,,,,,,,,,往事尾随而来
,,,,,,,,,温柔又爱笑
,,,,,,,,,凉城无爱
,,,,,,,,,迷糊的小九
,,,,,,,,,梦他
,,,,,,,,,小迷妹
,,,,,,,,,风吹少女心
,,,,,,,,,彼岸花的恋爱
,,,,,,,,,追逐半米阳光
,,,,,,,,,若蓦然回首
,,,,,,,,,梦带我旅行
,,,,,,,,,遗留的忧伤
,,,,,,,,,劣性失格
,,,,,,,,,最好是你
,,,,,,,,,下一季有你
,,,,,,,,,年華不似水
,,,,,,,,,少女的祈祷
,,,,,,,,,鳄鱼的眼泪
,,,,,,,,,骑着叫兽去流浪
,,,,,,,,,听风的倾诉
,,,,,,,,,泪水纯情
,,,,,,,,,夏花流年
,,,,,,,,,素颜最真
,,,,,,,,,檀嫣筱筱
,,,,,,,,,亲爱的抓紧我的手
,,,,,,,,,烫了我的心
,,,,,,,,,情似白纸
,,,,,,,,,回忆是你渐忘的歌
,,,,,,,,,余温暖你半世容颜
,,,,,,,,,时光任你轻薄
,,,,,,,,,当吃货遇上BOSS
,,,,,,,,,怦然心动
,,,,,,,,,瞄准你的心
,,,,,,,,,趣味贩卖机
,,,,,,,,,扑通扑通少女心
,,,,,,,,,热爱是你
,,,,,,,,,趁微风正好
,,,,,,,,,抹茶裙边
,,,,,,,,,卖萌的柠檬
,,,,,,,,,果色心情
,,,,,,,,,稍息立正请站好
,,,,,,,,,幸福永远缺货
,,,,,,,,,暖风撩人醉
,,,,,,,,,半夏柒微凉i
,,,,,,,,,稚与最初
,,,,,,,,,青春荒唐我不负你
,,,,,,,,,掌心一朵微笑
,,,,,,,,,向日葵的执着
,,,,,,,,,时光划破青春
,,,,,,,,,竹香雨影
,,,,,,,,,橘味果酱
,,,,,,,,,乖丫头不乖
,,,,,,,,,可爱的怀抱杀
,,,,,,,,,萌货阿妹
,,,,,,,,,机智如我萌哒哒
,,,,,,,,,怪味小萝莉
,,,,,,,,,雨后的告白
,,,,,,,,,旅人念旧i
,,,,,,,,,回忆在笑容里停格
,,,,,,,,,纯纯的卖萌货
,,,,,,,,,怪气小仙女
,,,,,,,,,中二骄傲萌
,,,,,,,,,微笑向暖
,,,,,,,,,陌陌纤尘
,,,,,,,,,花開的季節
,,,,,,,,,假如逆时光
,,,,,,,,,比回忆自由
,,,,,,,,,醉歌离人
,,,,,,,,,离情几度
,,,,,,,,,落寂有定期
,,,,,,,,,思念在倒带
,,,,,,,,,寂寞笙歌凉
,,,,,,,,,谁放肆了寂寞
,,,,,,,,,一支烟的别离
,,,,,,,,,回忆淡漠年华
,,,,,,,,,染恋桑年至久
,,,,,,,,,岁月并非如歌
,,,,,,,,,爱恨都已倾城
,,,,,,,,,斯人若虹
,,,,,,,,,月冷千山
,,,,,,,,,骊酒清歌
,,,,,,,,,是条被子
,,,,,,,,,一剑西来
,,,,,,,,,青丝如黛
,,,,,,,,,惊鸿照影
,,,,,,,,,谈谷论斤
,,,,,,,,,挽袖清风
,,,,,,,,,与笑相拥
,,,,,,,,,念念不枉
,,,,,,,,,难凉热水
,,,,,,,,,鹤归孤山
,,,,,,,,,烟斜雾横
,,,,,,,,,风起天阑
,,,,,,,,,青山入怀
,,,,,,,,,几盞烟火
,,,,,,,,,人间无味
,,,,,,,,,故巷笑别
,,,,,,,,,细腻长发姐
,,,,,,,,,我畏时光不久i
,,,,,,,,,我怕时间不够i
,,,,,,,,,自然萌鹿鹿
,,,,,,,,,天然纯勋勋
,,,,,,,,,总以为
,,,,,,,,,相权美人
,,,,,,,,,再可爱一点好了
,,,,,,,,,你笑在眉眼
,,,,,,,,,结局
,,,,,,,,,拈花
,,,,,,,,,南玖
,,,,,,,,,
,,,,,,,,,砸中牛顿的土豪金
,,,,,,,,,离清歌
,,,,,,,,,清风秀雅
,,,,,,,,,怀抱清风
,,,,,,,,,烟雨萌萌
,,,,,,,,,浮世繁华
,,,,,,,,,何年何念
,,,,,,,,,泪湿青衫
,,,,,,,,,孤城暮雨
,,,,,,,,,暮染轻纱
,,,,,,,,,素颜倾城
,,,,,,,,,浅嫣婉语
,,,,,,,,,陌上蔷薇
,,,,,,,,,烟花巷陌
,,,,,,,,,断桥残雪
,,,,,,,,,一笑傾城
,,,,,,,,,墨色芊华
,,,,,,,,,南歌初妤
,,,,,,,,,素笺淡墨
,,,,,,,,,灵夜芊嫙
,,,,,,,,,千羽夕零
,,,,,,,,,百里艺姽
,,,,,,,,,染就荼蘼
,,,,,,,,,书语簪秋
,,,,,,,,,樱色络缨
,,,,,,,,,月影清秋
,,,,,,,,,暮城烟纱
,,,,,,,,,飘花逐影
,,,,,,,,,墨染苏衣
,,,,,,,,,沐敛溪风
,,,,,,,,,沐月柠香
,,,,,,,,,沐夜晨熙
,,,,,,,,,百里淑婳
,,,,,,,,,姬彤烟鸢
,,,,,,,,,北辰舞忆
,,,,,,,,,临江暮雪
,,,,,,,,,南夕韶阳
,,,,,,,,,此生一诺
,,,,,,,,,柠夏初开
,,,,,,,,,酒笙倾凉
,,,,,,,,,陌颜幽梦
,,,,,,,,,北朽暖栀
,,,,,,,,,杏漫瞳央
,,,,,,,,,意墨云烟
,,,,,,,,,久橙池漾
,,,,,,,,,浮光浅夏
,,,,,,,,,墨城烟柳
,,,,,,,,,暮光薄凉
,,,,,,,,,予之欢颜
,,,,,,,,,一身骄傲
,,,,,,,,,一路向阳
,,,,,,,,,斯文败类
,,,,,,,,,孤久失心
,,,,,,,,,你真难忘
,,,,,,,,,在劫难逃
,,,,,,,,,北柠陌寒
,,,,,,,,,绝不服输
,,,,,,,,,感谢经历
,,,,,,,,,倾心独恋
,,,,,,,,,念念不忘
,,,,,,,,,心酸收场
,,,,,,,,,看淡一点
,,,,,,,,,桀骜不驯
,,,,,,,,,一世浮沉
,,,,,,,,,堇色安年
,,,,,,,,,时光浅巷
,,,,,,,,,安于她命
,,,,,,,,,亡心忘你
,,,,,,,,,雨夜聽風
,,,,,,,,,云卷云舒
,,,,,,,,,浮生如梦
,,,,,,,,,琉璃疏影
,,,,,,,,,一切安好
,,,,,,,,,蒗蹟兲漄
,,,,,,,,,渐渐懂了
,,,,,,,,,累觉不爱
,,,,,,,,,有始无终
,,,,,,,,,一厢情愿
,,,,,,,,,恰好喜欢
,,,,,,,,,多情客串
,,,,,,,,,诗与茶笙
,,,,,,,,,放学别走
,,,,,,,,,善良没用
,,,,,,,,,梦里如初
,,,,,,,,,小兔巫师
,,,,,,,,,和桃恋也
,,,,,,,,,藤原井一
,,,,,,,,,江山女帝
,,,,,,,,,咕叽咕叽
,,,,,,,,,糊涂羔羊
,,,,,,,,,阿巴阿巴
,,,,,,,,,等待救赎
,,,,,,,,,无意情深
,,,,,,,,,元気森林
,,,,,,,,,樱桃奶球
,,,,,,,,,孤酒独饮
,,,,,,,,,浅陌凉汐
,,,,,,,,,旧岛听风
,,,,,,,,,一生傲娇
,,,,,,,,,堕落天使
,,,,,,,,,八月如歌
,,,,,,,,,谁懂我心
,,,,,,,,,故人未归
,,,,,,,,,白衣未央
,,,,,,,,,寂若安年
,,,,,,,,,夏末染殇
,,,,,,,,,潇潇雨歇
,,,,,,,,,往事随风
,,,,,,,,,云淡风轻
,,,,,,,,,星野烩里
,,,,,,,,,日暮苍山
,,,,,,,,,尽是敷衍
,,,,,,,,,问题儿童
,,,,,,,,,傲娇少女
,,,,,,,,,后会无期
,,,,,,,,,毁人不倦
,,,,,,,,,弃善从恶
,,,,,,,,,蔷薇少女
,,,,,,,,,药不能停
,,,,,,,,,眉眼在笑
,,,,,,,,,时光荏苒
,,,,,,,,,旧时模样
,,,,,,,,,向善若水
,,,,,,,,,岁月静好
,,,,,,,,,掩于岁月
,,,,,,,,,夏有乔木
,,,,,,,,,爱恨随你
,,,,,,,,,永不言棄
,,,,,,,,,荷塘月色
,,,,,,,,,以诚待人
,,,,,,,,,初衷是你
,,,,,,,,,情话烫口
,,,,,,,,,时光不复
,,,,,,,,,爱恨随意
,,,,,,,,,过訜喜歡
,,,,,,,,,野性难改
,,,,,,,,,白茶清欢
,,,,,,,,,谈笑风生
,,,,,,,,,七街九友
,,,,,,,,,心静如水
,,,,,,,,,浮生未歇
,,,,,,,,,忙着孤独
,,,,,,,,,轻舞飞扬
,,,,,,,,,平淡才真
,,,,,,,,,遥遥无期
,,,,,,,,,私亽専寵
,,,,,,,,,烟酒为伴
,,,,,,,,,过分喜欢
,,,,,,,,,不供祖宗
,,,,,,,,,命该如此
,,,,,,,,,爱你致命
,,,,,,,,,及时行乐
,,,,,,,,,到此为止
,,,,,,,,,别再沦陷
,,,,,,,,,十友九狗
,,,,,,,,,喜性孤冷
,,,,,,,,,稚于初心
,,,,,,,,,浪荡不羁
,,,,,,,,,思念成灾
,,,,,,,,,心已成沙
,,,,,,,,,何以相忘
,,,,,,,,,故事撩人
,,,,,,,,,乍见之欢
,,,,,,,,,永不言弃
,,,,,,,,,适者生存
,,,,,,,,,落叶无声
,,,,,,,,,埋葬过去
,,,,,,,,,熬成往事
,,,,,,,,,沦陷的痛
,,,,,,,,,流年独殇
,,,,,,,,,旧执如初
,,,,,,,,,不要见怪
,,,,,,,,,少女杀手
,,,,,,,,,曾经而已
,,,,,,,,,森屿海巷
,,,,,,,,,懂我不言
,,,,,,,,,清欢不散
,,,,,,,,,太过倔强
,,,,,,,,,一川绿风
,,,,,,,,,空城少年
,,,,,,,,,故事与你
,,,,,,,,,当月时经
,,,,,,,,,人不如故
,,,,,,,,,等一个人
,,,,,,,,,一念执着
,,,,,,,,,深海孤鱼
,,,,,,,,,孤心亦寒
,,,,,,,,,蜜糖果果
,,,,,,,,,各不打扰
,,,,,,,,,咽泪装欢
,,,,,,,,,冷暖自知
,,,,,,,,,尘埃落定
,,,,,,,,,十年之约
,,,,,,,,,七分疼爱
,,,,,,,,,枕边情书
,,,,,,,,,幻化成蝶
,,,,,,,,,薄凉少年
,,,,,,,,,一败涂地
,,,,,,,,,旧夢空城
,,,,,,,,,安身定命
,,,,,,,,,死海不死
,,,,,,,,,繁華落盡
,,,,,,,,,半島晴空
,,,,,,,,,不如不見
,,,,,,,,,犯二青年
,,,,,,,,,瑾色殘年
,,,,,,,,,淺默淡殇
,,,,,,,,,淺唱幸福
,,,,,,,,,空島空心
,,,,,,,,,傲慢的淚
,,,,,,,,,請毋打擾
,,,,,,,,,無力去愛
,,,,,,,,,灰色天空
,,,,,,,,,月光倾城
,,,,,,,,,流绪微梦
,,,,,,,,,夏花依旧
,,,,,,,,,演绎轮回
,,,,,,,,,一抹红尘
,,,,,,,,,悲欢自饮
,,,,,,,,,半世晨晓
,,,,,,,,,惜你若命
,,,,,,,,,单独隔离
,,,,,,,,,放心不下
,,,,,,,,,年少无知
,,,,,,,,,内心世界
,,,,,,,,,沧桑笑容
,,,,,,,,,微光倾城
,,,,,,,,,乱试佳人
,,,,,,,,,散场电影
,,,,,,,,,折现浪漫
,,,,,,,,,梦回旧景
,,,,,,,,,今非昔比
,,,,,,,,,两重心事
,,,,,,,,,心安勿忘
,,,,,,,,,悲欢离合
,,,,,,,,,愿得一人心
,,,,,,,,,断梦断思念
,,,,,,,,,画中美人骨
,,,,,,,,,时光太熬人
,,,,,,,,,风倾竹上雪
,,,,,,,,,浮生终若梦
,,,,,,,,,风雪夜归人
,,,,,,,,,故笙诉离歌
,,,,,,,,,醉绾青丝蛊
,,,,,,,,,篱下浅笙歌
,,,,,,,,,醉月丶舞红尘
,,,,,,,,,顾自逍遥去
,,,,,,,,,烟雨江湖梦
,,,,,,,,,孤酒寒人心
,,,,,,,,,空心空回忆
,,,,,,,,,平你眉间川
,,,,,,,,,月下美人醉
,,,,,,,,,凉兮清婉丽
,,,,,,,,,折扇戏美人
,,,,,,,,,与孤独分手
,,,,,,,,,綻放的煙花
,,,,,,,,,笙笙歌未尽
,,,,,,,,,旧梦与空城
,,,,,,,,,酒酿樱桃子
,,,,,,,,,空有温柔心
,,,,,,,,,巴黎不快乐
,,,,,,,,,深海凉人心
,,,,,,,,,笔端有风月
,,,,,,,,,凉心亦薄情
,,,,,,,,,花殘萬骨枯
,,,,,,,,,酒空人已醉
,,,,,,,,,独奏奈何桥
,,,,,,,,,雨打芭蕉残
,,,,,,,,,冰似绕指柔
,,,,,,,,,空白的记忆
,,,,,,,,,花开柳相依
,,,,,,,,,用记忆封尘
,,,,,,,,,春江花月夜
,,,,,,,,,爱坐枫琳晚
,,,,,,,,,抹唱完的歌
,,,,,,,,,表面不在乎
,,,,,,,,,此情到深处
,,,,,,,,,离别相思苦
,,,,,,,,,美人月下醉
,,,,,,,,,帘外雨潺潺
,,,,,,,,,独倚望江楼
,,,,,,,,,人生若如初見
,,,,,,,,,阁下与我同归
,,,,,,,,,思念幻化成海
,,,,,,,,,温柔似你眉眼
,,,,,,,,,为你倾尽一世
,,,,,,,,,青丝半掩眉砂
,,,,,,,,,西瓜凉了夏天
,,,,,,,,,许我半盏清茶
,,,,,,,,,花已落情已灭
,,,,,,,,,北辰浅巷墨漓
,,,,,,,,,弦已断人终散
,,,,,,,,,云起兮衣飞扬
,,,,,,,,,心里有一座城
,,,,,,,,,渡你眉目河川
,,,,,,,,,不思量自难忘
,,,,,,,,,搅碎一池星月
,,,,,,,,,寄情书醉清风
,,,,,,,,,十里长街走马
,,,,,,,,,拿红颜乱浮生
,,,,,,,,,像风没有归宿
,,,,,,,,,我打江南走过
,,,,,,,,,梨花雨落绯绯
,,,,,,,,,卿如世间惊鸿
,,,,,,,,,溺于眉间星河
,,,,,,,,,渡你满眼河川
,,,,,,,,,眉间万般柔情
,,,,,,,,,笑看浮华苍生
,,,,,,,,,一个人的烟火
,,,,,,,,,一壶饮尽过往
,,,,,,,,,听我讲完余生
,,,,,,,,,赠你刻骨温柔
,,,,,,,,,青梅骑着竹马
,,,,,,,,,淡看云卷云舒
,,,,,,,,,蕞羙不茹初見
,,,,,,,,,梦尚浅花未开
,,,,,,,,,被风吹过灼思
,,,,,,,,,在星空下许愿
,,,,,,,,,扯不断的情丝
,,,,,,,,,柳叶眉霓裳影
,,,,,,,,,一路荒凉如歌
,,,,,,,,,古城小巷少年
,,,,,,,,,做自己的盖世英雄
,,,,,,,,,抓住努力的尾巴
,,,,,,,,,特立独行的兔子
,,,,,,,,,满身英雄梦
,,,,,,,,,一个人的青春战役
,,,,,,,,,不浪费时光
,,,,,,,,,且美且独立
,,,,,,,,,提笔冩未來
,,,,,,,,,共眼前无憾
,,,,,,,,,心稳路正精彩
,,,,,,,,,少女心英雄梦
,,,,,,,,,孤独的造梦者
,,,,,,,,,不哭不闹只要坚强
,,,,,,,,,勇敢活
,,,,,,,,,去讲心中理想
,,,,,,,,,梦里飞花
,,,,,,,,,痛苦给予力量
,,,,,,,,,杀死庸碌
,,,,,,,,,穷追一个梦
,,,,,,,,,追着太阳跑
,,,,,,,,,拼搏作兴趣
,,,,,,,,,风雨踏梦行
,,,,,,,,,一苇以航
,,,,,,,,,奮鬥的青春最美丽
,,,,,,,,,袒胸露背迎万箭
,,,,,,,,,感谢有梦
,,,,,,,,,自己的英雄
,,,,,,,,,敢闯敢拼
,,,,,,,,,耐性与骨气
,,,,,,,,,等我变优秀
,,,,,,,,,热血与梦想
,,,,,,,,,你和梦想我都要
,,,,,,,,,多活一点给自己看
,,,,,,,,,夢在遠方
,,,,,,,,,累却坚持
,,,,,,,,,改写下半生
,,,,,,,,,再痛丶也要坚持
,,,,,,,,,年轻在于拼
,,,,,,,,,有多难就有多勇敢
,,,,,,,,,掌握梦想
,,,,,,,,,含泪不言败
,,,,,,,,,人不死终究会出头
,,,,,,,,,我叫好坚强
,,,,,,,,,用奋斗去征服
,,,,,,,,,跌倒后爬起来
,,,,,,,,,我要无比强大
,,,,,,,,,梦想一直都在
,,,,,,,,,我叫坚强我不哭
,,,,,,,,,厌水的鱼
,,,,,,,,,太阳维修员
,,,,,,,,,美女打手
,,,,,,,,,煉獄人间
,,,,,,,,,莫名的曖昧
,,,,,,,,,灵魂有火
,,,,,,,,,蜕变
,,,,,,,,,笑谈风云
,,,,,,,,,淡忘
,,,,,,,,,笑看红尘
,,,,,,,,,青春易逝
,,,,,,,,,不惑
,,,,,,,,,明日輝煌
,,,,,,,,,向钱看齐
,,,,,,,,,相思成瘾
,,,,,,,,,一生承诺
,,,,,,,,,火山爆米花
,,,,,,,,,人性的丑陋
,,,,,,,,,野味仙儿
,,,,,,,,,迷失的灵魂
,,,,,,,,,灵魂失控
,,,,,,,,,人间贩爱
,,,,,,,,,热血无赖
,,,,,,,,,深情是死罪
,,,,,,,,,幼稚园杠精
,,,,,,,,,远程狙心
,,,,,,,,,乡野小农民
,,,,,,,,,小岛惊魂
,,,,,,,,,奇奇怪怪
,,,,,,,,,精神污染
,,,,,,,,,熬夜逆子
,,,,,,,,,双向迷恋
,,,,,,,,,裙子下的野兽
,,,,,,,,,细节怪物
,,,,,,,,,猎狐
,,,,,,,,,天涯过客
,,,,,,,,,熬夜专家
,,,,,,,,,绿水鬼
,,,,,,,,,天才枪手
,,,,,,,,,富贵不能吟
,,,,,,,,,记忆裂痕
,,,,,,,,,宇宙视角
,,,,,,,,,风风风
,,,,,,,,,深眠勿扰
,,,,,,,,,恋爱瓶颈期
,,,,,,,,,午夜鬼火
,,,,,,,,,邪恶名人
,,,,,,,,,火锅旺人
,,,,,,,,,贩卖焦虑
,,,,,,,,,售卖爱意
,,,,,,,,,等风热吻
,,,,,,,,,月色不够温柔
,,,,,,,,,毒瘾
,,,,,,,,,选择离开
,,,,,,,,,间歇性心动
,,,,,,,,,言不由衷
,,,,,,,,,何必太多情
,,,,,,,,,霸者才是王道
,,,,,,,,,奶兔大魔王
,,,,,,,,,不靠谱的女孩
,,,,,,,,,听风说爱你
,,,,,,,,,
,,,,,,,,,杀戮浪者
,,,,,,,,,打野网操
,,,,,,,,,寒山夜半钟
,,,,,,,,,我的温柔喂过狗
,,,,,,,,,安如少年
,,,,,,,,,遗失的旧时光
,,,,,,,,,听风挽
,,,,,,,,,不将就
,,,,,,,,,他入她心碎我梦
,,,,,,,,,理想三旬
,,,,,,,,,奶糖味小可爱
,,,,,,,,,沫栀
,,,,,,,,,我的幸福谁来买单
,,,,,,,,,孤浪王者
,,,,,,,,,潮男情歌
,,,,,,,,,扑进哥哥怀里
,,,,,,,,,比太阳还暖
,,,,,,,,,满眼星河
,,,,,,,,,
,,,,,,,,,月下心事独酌
,,,,,,,,,放手
,,,,,,,,,深爱如长风
,,,,,,,,,那一年的蜕变
,,,,,,,,,淡看悲欢离合
,,,,,,,,,暮倦
,,,,,,,,,淡墨无殇
,,,,,,,,,红颜情断肠
,,,,,,,,,云淡天高
,,,,,,,,,半傻半呆半疯癫
,,,,,,,,,情声未远悠扬
,,,,,,,,,眼球征服世界
,,,,,,,,,忘年祭陌
,,,,,,,,,错爱
,,,,,,,,,知足的幸福
,,,,,,,,,无言温柔
,,,,,,,,,守护
,,,,,,,,,魂牵梦萦
,,,,,,,,,夜阑珊人寂寞
,,,,,,,,,冲出梦魇
,,,,,,,,,爷拽得有气质
,,,,,,,,,倾尽天下
,,,,,,,,,烟圈
,,,,,,,,,吞云吐雾伴惆怅
,,,,,,,,,空留恨
,,,,,,,,,天启
,,,,,,,,,对风忆尘
,,,,,,,,,褪色灵感
,,,,,,,,,烟花陨落半城烟沙
,,,,,,,,,风光无限
,,,,,,,,,你来我往
,,,,,,,,,朦胧感觉
,,,,,,,,,听你心声
,,,,,,,,,口是心非
,,,,,,,,,越夜越寂寞
,,,,,,,,,最初的孤单
,,,,,,,,,谈情不说爱
,,,,,,,,,断点_
,,,,,,,,,爱随缘
,,,,,,,,,习惯孤单
,,,,,,,,,好聚好散
,,,,,,,,,烟酒释情伤
,,,,,,,,,街头拥吻
,,,,,,,,,君子蓝颜
,,,,,,,,,完美生活
,,,,,,,,,风清月明
,,,,,,,,,我愿意为你换根烟
,,,,,,,,,月下孤独
,,,,,,,,,心若没有了方向
,,,,,,,,,半夏寂
,,,,,,,,,等待不是为了等待
,,,,,,,,,火星上的男人
,,,,,,,,,赎救
,,,,,,,,,华丽的沉默
,,,,,,,,,
,,,,,,,,,美男
,,,,,,,,,完美de演技
,,,,,,,,,少年
,,,,,,,,,你是我的遇见
,,,,,,,,,没心没肺真的累
,,,,,,,,,乱世凶手
,,,,,,,,,忘了你忘了自己
,,,,,,,,,千百次伤悲
,,,,,,,,,流泪的承诺
,,,,,,,,,令人疼痛的回忆
,,,,,,,,,我把心寄错了地址
,,,,,,,,,你独揽我
,,,,,,,,,奇迹少年
,,,,,,,,,温柔是只鬼
,,,,,,,,,探索欲望
,,,,,,,,,世俗
,,,,,,,,,最繁华时最残忍
,,,,,,,,,泪溅花心
,,,,,,,,,葬心仪式
,,,,,,,,,殘缺的回憶
,,,,,,,,,痛苦的呻吟
,,,,,,,,,哭不完索性笑
,,,,,,,,,触碰岁月
,,,,,,,,,何必天真
,,,,,,,,,泪难流
,,,,,,,,,沉默的爱
,,,,,,,,,没感情就绝交
,,,,,,,,,情感防御
,,,,,,,,,退到无路可退
,,,,,,,,,时间冲淡一切回忆
,,,,,,,,,心在流浪
,,,,,,,,,丢了天真失了美好
,,,,,,,,,雾已泪聚
,,,,,,,,,世界很宽孤独很满
,,,,,,,,,久了就旧了
,,,,,,,,,梦醒人散
,,,,,,,,,孤独的悲伤
,,,,,,,,,伪装的坚强
,,,,,,,,,难以启齿的伤悲
,,,,,,,,,一刹那的痛苦
,,,,,,,,,遥远的距离
,,,,,,,,,冷奈丶
,,,,,,,,,等在十字路口
,,,,,,,,,微笑掩饰住伤口
,,,,,,,,,输得太彻底
,,,,,,,,,孤独的像条野狗
,,,,,,,,,淅淅沥沥单身女孩
,,,,,,,,,陌语
,,,,,,,,,笑拥冷风
,,,,,,,,,你不懂海的哭泣
,,,,,,,,,准备遗忘
,,,,,,,,,陌生的拥抱
,,,,,,,,,寂寞说想你
,,,,,,,,,难逃离和分
,,,,,,,,,往昔已逝
,,,,,,,,,仅剩的微笑
,,,,,,,,,一个人的寂寞
,,,,,,,,,孤独下的心伤
,,,,,,,,,烟熏遮住眼底伤
,,,,,,,,,只适合被遗忘
,,,,,,,,,一个怕孤独的孩子
,,,,,,,,,孑然一身
,,,,,,,,,旧城旧巷旧少年
,,,,,,,,,妄想只手摘星
,,,,,,,,,孤独的夜
,,,,,,,,,菰萙难眠
,,,,,,,,,没有结果的等待
,,,,,,,,,謊言負心人
,,,,,,,,,陌生的熟悉
,,,,,,,,,孤独情话
,,,,,,,,,守不住的空城
,,,,,,,,,无情无义
,,,,,,,,,哭到世界为我痛
,,,,,,,,,心累疲惫没人体会
,,,,,,,,,繁花落尽
,,,,,,,,,繁华殆尽盡是殤
,,,,,,,,,落笔映惆怅
,,,,,,,,,南篱旧事
,,,,,,,,,连敷衍都成奢望
,,,,,,,,,星远赴人间惊鸿宴
,,,,,,,,,你是恩赐也是劫
,,,,,,,,,我来和你说晚安
,,,,,,,,,独自听歌消愁
,,,,,,,,,你携秋水揽星河
,,,,,,,,,城东以东皆以空
,,,,,,,,,你也不是我的救赎
,,,,,,,,,这辈子我放过你了
,,,,,,,,,寄意寒星荃不察
,,,,,,,,,故事愿与你听
,,,,,,,,,枕头一直没干
,,,,,,,,,心若不动风又奈何
,,,,,,,,,微风遥看茱萸
,,,,,,,,,谁都可以离你而去
,,,,,,,,,故事已忘
,,,,,,,,,我们形同陌路
,,,,,,,,,我不想看见她哭
,,,,,,,,,与微风撞满怀
,,,,,,,,,把难过讲给风
,,,,,,,,,鲸叫我照顾海
,,,,,,,,,她说等她回来
,,,,,,,,,星星得不到爱火
,,,,,,,,,他放弃你了吗
,,,,,,,,,别在让我心动了
,,,,,,,,,你说世间无爱
,,,,,,,,,不用羡慕别人
,,,,,,,,,扛落雨晴无你
,,,,,,,,,深夜又想起她
,,,,,,,,,耀摘满天星辰
,,,,,,,,,你曾说过温暖
,,,,,,,,,阳台风晓人情
,,,,,,,,,槛外长江空自流
,,,,,,,,,我回头在寻找
,,,,,,,,,我忘了你也很普通
,,,,,,,,,恰似星沉大海
,,,,,,,,,也曾有幸遇到你
,,,,,,,,,你还有遗憾吗
,,,,,,,,,雨淋湿了天空
,,,,,,,,,爱是万般难过
,,,,,,,,,期待下一次见面
,,,,,,,,,夜长使月光冷
,,,,,,,,,谁能感同我的身受
,,,,,,,,,晚安她没收到
,,,,,,,,,城西以西不再喜
,,,,,,,,,对方还不是你好友
,,,,,,,,,鱼波泛起涟漪
,,,,,,,,,还是熬过来了
,,,,,,,,,谈笑风生不动情
,,,,,,,,,城南以南不再南
,,,,,,,,,那时她真的喜欢我
,,,,,,,,,错过你是我的过错
,,,,,,,,,她说这次一定认真
,,,,,,,,,往事寄与西风
,,,,,,,,,你自月中来
,,,,,,,,,只是很爱你
,,,,,,,,,只愿一起走过
,,,,,,,,,悲伤恋爱
,,,,,,,,,爱听风的声音
,,,,,,,,,迟暮残存余温
,,,,,,,,,能否再爱一次
,,,,,,,,,薔薇下的夢淚
,,,,,,,,,下一刻的短暂
,,,,,,,,,最远的距离
,,,,,,,,,淡淡的记忆
,,,,,,,,,心死绿稻田
,,,,,,,,,半粒糖甜到伤
,,,,,,,,,冷安笑看世间繁华
,,,,,,,,,爱了伤了痛了
,,,,,,,,,结局逼真的太虚伪
,,,,,,,,,半暖夏伤情未央
,,,,,,,,,醉梦人生
,,,,,,,,,人心太拥挤
,,,,,,,,,独看夕阳
,,,,,,,,,无一处是归途
,,,,,,,,,無法峜及旳光
,,,,,,,,,走丢了的幸福
,,,,,,,,,爱够了伤透了
,,,,,,,,,梦醒伤人心
,,,,,,,,,泪湿罗衣
,,,,,,,,,时光予我孤独
,,,,,,,,,泪人怎笑
,,,,,,,,,暖了时光冷了情
,,,,,,,,,记忆凋零在花季
,,,,,,,,,沉沦的伤痛
,,,,,,,,,遺莣嬡
,,,,,,,,,流泪听情歌
,,,,,,,,,别了那曾經
,,,,,,,,,当一切都破碎后
,,,,,,,,,捂着心说胃疼
,,,,,,,,,终究一场空
,,,,,,,,,曾经发了疯的想
,,,,,,,,,愿时光静好你安好
,,,,,,,,,末日携手
,,,,,,,,,青柠
,,,,,,,,,天使的翅膀
,,,,,,,,,三月海蓝
,,,,,,,,,与我苍老
,,,,,,,,,素雪怜影
,,,,,,,,,碧籽莲芯
,,,,,,,,,青青子矜
,,,,,,,,,语笑嫣然
,,,,,,,,,微微一笑倾城
,,,,,,,,,浅缘半生怨
,,,,,,,,,万人空巷
,,,,,,,,,紫色温馨
,,,,,,,,,梦幻蝶雪
,,,,,,,,,韶香美韵
,,,,,,,,,那一季花开
,,,,,,,,,森旅里迷了路
,,,,,,,,,东京的樱花在哭泣
,,,,,,,,,兰花洁如玉
,,,,,,,,,梵高的向日葵
,,,,,,,,,半夏微凉
,,,,,,,,,浅夏诗韵
,,,,,,,,,紫阡陌尘
,,,,,,,,,夏沫浅雨
,,,,,,,,,衣酌浅斟
,,,,,,,,,Angle菲菲
,,,,,,,,,梦醉红颜
,,,,,,,,,筱小雅
,,,,,,,,,寂寞的街
,,,,,,,,,碧水蓝天
,,,,,,,,,午夜的香吻
,,,,,,,,,囚谜纪事
,,,,,,,,,番茄女孩
,,,,,,,,,蝶依秋恋
,,,,,,,,,安静的很绝对
,,,,,,,,,午夜的雨
,,,,,,,,,浅笑释然
,,,,,,,,,阳光下透着清晰感
,,,,,,,,,时间煮雨我煮鱼
,,,,,,,,,凉薄少女泪倾城
,,,,,,,,,待我青丝变白发
,,,,,,,,,得瑟过劲必闪腰
,,,,,,,,,情歌越老越有味
,,,,,,,,,橘子你个哦润桔
,,,,,,,,,时光催老少年郎
,,,,,,,,,校服一穿就变乖
,,,,,,,,,怎么敷衍怎么演
,,,,,,,,,夜落花台雨份飛
,,,,,,,,,抗忙北鼻沟沟沟
,,,,,,,,,琴声悠悠候佳人
,,,,,,,,,浅绿少年薄荷凉
,,,,,,,,,八百逗逼奔北坡
,,,,,,,,,凉情凉心亦凉梦
,,,,,,,,,伤了初冬白了城
,,,,,,,,,空城凉梦风轻眠
,,,,,,,,,骑着蜗牛拽天下
,,,,,,,,,半夏琉璃空人心
,,,,,,,,,你是我心上的疤
,,,,,,,,,香蕉你个不娜娜
,,,,,,,,,长了一脸美人痣
,,,,,,,,,耗尽余生等一人
,,,,,,,,,梦想起航我起床
,,,,,,,,,脑海里的未亡人
,,,,,,,,,古城深巷旧少年
,,,,,,,,,敢爱敢恨敢放弃
,,,,,,,,,同是学渣沦落人
,,,,,,,,,青春荒唐不负你
,,,,,,,,,少年未老心已凉
,,,,,,,,,心不凉透难死心
,,,,,,,,,曾经薄荷少年凉
,,,,,,,,,君既无情我便休
,,,,,,,,,谁纵我一世猖狂
,,,,,,,,,躺在棺材里思考
,,,,,,,,,故事配酒你配狗
,,,,,,,,,杏花微雨又逢君
,,,,,,,,,不哭不闹不炫耀
,,,,,,,,,
,,,,,,,,,败给了感情二字
,,,,,,,,,空城旧忆故人离
,,,,,,,,,丢三丢四不丢你
,,,,,,,,,心欲静而疯不止
,,,,,,,,,我的好过期不候
,,,,,,,,,讨一身可爱
,,,,,,,,,起司奶香猫
,,,,,,,,,神级小可爱
,,,,,,,,,怀揣小粉兔
,,,,,,,,,橘子有点甜
,,,,,,,,,青涩
,,,,,,,,,混世小魔女
,,,,,,,,,九度少女
,,,,,,,,,圆脸兔叽
,,,,,,,,,软萌甜心
,,,,,,,,,角枕题诗
,,,,,,,,,别惹菇凉
,,,,,,,,,猫街少女梦
,,,,,,,,,情浅凉心
,,,,,,,,,谁捡了我的梦
,,,,,,,,,情不动则心动
,,,,,,,,,一介俗人
,,,,,,,,,為何動情
,,,,,,,,,倾听冷暖
,,,,,,,,,揽你入怀
,,,,,,,,,一壶温酒
,,,,,,,,,候你已久
,,,,,,,,,顽皮粉红豹
,,,,,,,,,酒乃鱼
,,,,,,,,,蓝颜
,,,,,,,,,天真微笑
,,,,,,,,,拥你久暖
,,,,,,,,,光着脚丫子
,,,,,,,,,软萌软萌的你
,,,,,,,,,一丢丢可爱
,,,,,,,,,可爱指挥官
,,,,,,,,,少女心
,,,,,,,,,限量版少女
,,,,,,,,,爱笑美眉
,,,,,,,,,微笑太甜
,,,,,,,,,待见归春
,,,,,,,,,天生小仙女
,,,,,,,,,早乙女
,,,,,,,,,熏衣草的微风
,,,,,,,,,软果儿
,,,,,,,,,迷人少女
,,,,,,,,,温柔眼眉
,,,,,,,,,椿屋小奈
,,,,,,,,,迷你小可爱
,,,,,,,,,夕夏温纯
,,,,,,,,,三十九度风
,,,,,,,,,颠沛流离只为你
,,,,,,,,,暖风撩人
,,,,,,,,,我的世界必须有你
,,,,,,,,,初夏的樱花
,,,,,,,,,尘沙飞扬
,,,,,,,,,九夏光年
,,,,,,,,,來時白衫
,,,,,,,,,笙痞
,,,,,,,,,秋凉瑾言
,,,,,,,,,温山软水
,,,,,,,,,绅刃
,,,,,,,,,酒意入桃枝
,,,,,,,,,嘶喑甜言
,,,,,,,,,比忠
,,,,,,,,,闲懒诗人
,,,,,,,,,白鹭先生
,,,,,,,,,墨白少羽
,,,,,,,,,青舟弄酒
,,,,,,,,,下个八月见
,,,,,,,,,醉南桥
,,,,,,,,,诗的颈窝
,,,,,,,,,痴意少年
,,,,,,,,,何人一笑
,,,,,,,,,白衣酒客
,,,,,,,,,南简
,,,,,,,,,世间万物明澈见底
,,,,,,,,,冷月长空
,,,,,,,,,风浒涟漪
,,,,,,,,,酒醒梦迟
,,,,,,,,,遙遙無遠方
,,,,,,,,,风急风也清
,,,,,,,,,偶尔平凡
,,,,,,,,,困倦里说爱
,,,,,,,,,独遇不与
,,,,,,,,,一镜
,,,,,,,,,俛就
,,,,,,,,,敗者王战
,,,,,,,,,听风细雨
,,,,,,,,,远方有我
,,,,,,,,,青冢暮
,,,,,,,,,温柔行凶者
,,,,,,,,,树雾
,,,,,,,,,晚鲸
,,,,,,,,,无上限宠你
,,,,,,,,,择以年
,,,,,,,,,君未叹沉香
,,,,,,,,,帝王不怀旧
,,,,,,,,,枕边旧宠
,,,,,,,,,素酒青衣贤
,,,,,,,,,自捅千刀
,,,,,,,,,感谢毁我熱情
,,,,,,,,,七分冷酷
,,,,,,,,,長野
,,,,,,,,,穿过世界去爱你
,,,,,,,,,清醒是犯规
,,,,,,,,,逢仒三分笑
,,,,,,,,,战场将军
,,,,,,,,,寄往的信
,,,,,,,,,不是山谷
,,,,,,,,,深海映星辰
,,,,,,,,,墜機飛行員
,,,,,,,,,过期易拉罐
,,,,,,,,,不再行凶
,,,,,,,,,多喜欢你
,,,,,,,,,垂涎自由
,,,,,,,,,执酒共酌
,,,,,,,,,寄与心
,,,,,,,,,挽歌少年
,,,,,,,,,北港初晴
,,,,,,,,,我只拥你
,,,,,,,,,过去的过不去
,,,,,,,,,失意的片刻
,,,,,,,,,找回遗失的自己
,,,,,,,,,泪染裳
,,,,,,,,,故作悲伤
,,,,,,,,,有你心安
,,,,,,,,,遍及山河
,,,,,,,,,孤岛爱人
,,,,,,,,,回忆越甜越伤人
,,,,,,,,,抚你发端
,,,,,,,,,客串情人
,,,,,,,,,笙语亦凉
,,,,,,,,,尘缘若梦
,,,,,,,,,思念成风
,,,,,,,,,一封信笺
,,,,,,,,,浮生一萝
,,,,,,,,,倾心之夏
,,,,,,,,,风尽起长歌
,,,,,,,,,场罚期间
,,,,,,,,,不浪漫的浪漫
,,,,,,,,,酒巷清风
,,,,,,,,,浮夸爷们er
,,,,,,,,,搁浅忘忧
,,,,,,,,,亡城孤影
,,,,,,,,,青灯为伴
,,,,,,,,,浮生物语
,,,,,,,,,可有可无
,,,,,,,,,情殇念断
,,,,,,,,,笑敬过往
,,,,,,,,,一生孤注
,,,,,,,,,旧人陌兮
,,,,,,,,,龙行天下
,,,,,,,,,无处安放
,,,,,,,,,全球焦點
,,,,,,,,,慕心倾寒
,,,,,,,,,旧巷听风
,,,,,,,,,时过境迁
,,,,,,,,,凉生凉忆
,,,,,,,,,只言片语
,,,,,,,,,像風一樣
,,,,,,,,,他是毒药
,,,,,,,,,汐颜兮梦
,,,,,,,,,悲歌长辞
,,,,,,,,,吹乱心事
,,,,,,,,,呆滞与梦
,,,,,,,,,如你笨拙
,,,,,,,,,套路撩人
,,,,,,,,,作茧自缚
,,,,,,,,,
,,,,,,,,,处处留情
,,,,,,,,,偷心贩子
,,,,,,,,,怪我太傻
,,,,,,,,,离人毁心
,,,,,,,,,流水随风
,,,,,,,,,俗世几多
,,,,,,,,,借你一生
,,,,,,,,,多高级呢
,,,,,,,,,十里长街
,,,,,,,,,不如离去
,,,,,,,,,痴心病友
,,,,,,,,,存在即合理
,,,,,,,,,格格不入
,,,,,,,,,咖啡杯中的沉默
,,,,,,,,,大号萝莉
,,,,,,,,,啊叻
,,,,,,,,,女生网名
,,,,,,,,,时光孤独者
,,,,,,,,,忽而半夏
,,,,,,,,,暮光沉寂
,,,,,,,,,只是心疼你了而已
,,,,,,,,,穷我一生
,,,,,,,,,无人之境
,,,,,,,,,隔纱相望
,,,,,,,,,黑心烂肺
,,,,,,,,,抱不住太阳的深海
,,,,,,,,,纤竹无泪拒泪
,,,,,,,,,北城以北无边的天
,,,,,,,,,想找个人来爱我
,,,,,,,,,早安早安早已安心
,,,,,,,,,孤独至死
,,,,,,,,,狗永远会是狗
,,,,,,,,,不及人心
,,,,,,,,,倾听那段爱
,,,,,,,,,冰凝紫雪
,,,,,,,,,嵌入我心
,,,,,,,,,致命的伤害
,,,,,,,,,为了爱离开你
,,,,,,,,,时间海
,,,,,,,,,南城以南无边的海
,,,,,,,,,挽留借口
,,,,,,,,,文字太轻
,,,,,,,,,自找的别喊痛
,,,,,,,,,练习说再见
,,,,,,,,,失去是一种珍惜
,,,,,,,,,有种自恋叫小贤
,,,,,,,,,碎碎念然后想象你
,,,,,,,,,少扯犊子多办事
,,,,,,,,,抚涟
,,,,,,,,,淡梦未相惜
,,,,,,,,,森芋暖暖
,,,,,,,,,总有美人想害朕
,,,,,,,,,只是想念你了而已
,,,,,,,,,飞鱼幕嫣
,,,,,,,,,转身离开
,,,,,,,,,街角丶颓废
,,,,,,,,,泛滥情妄想
,,,,,,,,,木槿昔年
,,,,,,,,,柏林的雪花飘
,,,,,,,,,暴晒在一旁的寂寞
,,,,,,,,,坠落在天空的星星
,,,,,,,,,玩笑般的玩笑
,,,,,,,,,筝宁
,,,,,,,,,伤已成曲
,,,,,,,,,撅嘴暖男
,,,,,,,,,失恋d真多
,,,,,,,,,古城小巷少年已去
,,,,,,,,,黄泉路上我陪你
,,,,,,,,,夏日的黑校
,,,,,,,,,晚安晚安安入我心
,,,,,,,,,单身情歌
,,,,,,,,,青蛙香蕉胡萝贝
,,,,,,,,,欧美你妹
,,,,,,,,,他离她城
,,,,,,,,,你给的恩情似海深
,,,,,,,,,我不比她差
,,,,,,,,,下辈子等我
,,,,,,,,,骄傲的资本
,,,,,,,,,
,,,,,,,,,梦萝c
,,,,,,,,,背後的冷漠
,,,,,,,,,不是所有情都是爱
,,,,,,,,,你是我的梦想
,,,,,,,,,幻爱止水
,,,,,,,,,不是所有爱都叫情
,,,,,,,,,
,,,,,,,,,沧伤微夏弃流年
,,,,,,,,,我与幸福水土不服
,,,,,,,,,Angle_粉色
,,,,,,,,,我的心疼了谁的心
,,,,,,,,,紫色幽澜
,,,,,,,,,新眼泪
,,,,,,,,,冒烟的金鱼
,,,,,,,,,范er丶的很文艺
,,,,,,,,,诉说那段情
,,,,,,,,,手揣口袋只爱你
,,,,,,,,,你的世界我主宰
,,,,,,,,,安分
,,,,,,,,,梦菲儿
,,,,,,,,,热衷于他
,,,,,,,,,梦在深港
,,,,,,,,,丶妖媚女皇灬
,,,,,,,,,泡沫草莓
,,,,,,,,,拥抱好么让我踏实
,,,,,,,,,微凉的清雪
,,,,,,,,,思念从寒意中飘来
,,,,,,,,,我拿潇洒掩盖泪花
,,,,,,,,,堇年纸鸢
,,,,,,,,,七个鸭梨
,,,,,,,,,你是我的公主
,,,,,,,,,身穿校服丶拽天下
,,,,,,,,,未来不精彩
,,,,,,,,,唯美如花似水
,,,,,,,,,
,,,,,,,,,
,,,,,,,,,柔雪帝姬
,,,,,,,,,命中不缺狗
,,,,,,,,,寂寞成烟黄昏成恋
,,,,,,,,,青春向上
,,,,,,,,,说句好听的
,,,,,,,,,再次釋懷
,,,,,,,,,看谁笑到最后
,,,,,,,,,仰望辉煌
,,,,,,,,,好好学习天天向上
,,,,,,,,,活好自己
,,,,,,,,,随遇而安丶
,,,,,,,,,y加油相信你
,,,,,,,,,我会坚强
,,,,,,,,,追梦抓梦
,,,,,,,,,天长地久
,,,,,,,,,分开不代表分手
,,,,,,,,,你会坚强的
,,,,,,,,,自信
,,,,,,,,,把梦护好别碎掉
,,,,,,,,,丑姑娘也有珍珠梦
,,,,,,,,,重获新的我
,,,,,,,,,苦尽甘来
,,,,,,,,,有生之年
,,,,,,,,,配角也会发光
,,,,,,,,,相信老天是公平的
,,,,,,,,,今年励志当学霸
,,,,,,,,,一切只为中考
,,,,,,,,,失败乃成功之母
,,,,,,,,,坚强挺过
,,,,,,,,,承诺
,,,,,,,,,为未来付出
,,,,,,,,,努力为明天
,,,,,,,,,争取第一
,,,,,,,,,学无止境焉
,,,,,,,,,向快乐出发
,,,,,,,,,青春永不言弃
,,,,,,,,,为未来加油
,,,,,,,,,从未止步
,,,,,,,,,复习者们加油
,,,,,,,,,扶摇直上
,,,,,,,,,逆袭学霸
,,,,,,,,,努力了就会有
,,,,,,,,,加油复习者们
,,,,,,,,,别拿青春赌明天
,,,,,,,,,中考必胜
,,,,,,,,,拼搏奋斗
,,,,,,,,,努力就会闪耀
,,,,,,,,,丶少负气节
,,,,,,,,,拼命菇涼
,,,,,,,,,唯有努力
,,,,,,,,,力争上游
,,,,,,,,,证明我的强大
,,,,,,,,,志在四方
,,,,,,,,,铿锵岁若
,,,,,,,,,没有苦就没有乐
,,,,,,,,,颠覆灬整个世界
,,,,,,,,,知识改变命运
,,,,,,,,,功成名就
,,,,,,,,,勇敢的
,,,,,,,,,放弃是最懦弱的
,,,,,,,,,持之以恒
,,,,,,,,,姑娘要坚强
,,,,,,,,,算什么
,,,,,,,,,一路有你一路向前
,,,,,,,,,阿Q精神
,,,,,,,,,拼自已想要旳未来
,,,,,,,,,我会是最棒的
,,,,,,,,,我比想象中勇敢
,,,,,,,,,仰起头不流泪
,,,,,,,,,姑娘坚强好么
,,,,,,,,,继续实现下一个梦
,,,,,,,,,握紧手里的梦想
,,,,,,,,,坚信自已
,,,,,,,,,好菇娘当自强
,,,,,,,,,奋斗之网络生活网
,,,,,,,,,包容梦想
,,,,,,,,,志当存高远
,,,,,,,,,同甘共苦
,,,,,,,,,学会保护自己
,,,,,,,,,相信自已
,,,,,,,,,视金钱如粪土
,,,,,,,,,幸福如覆薄冰
,,,,,,,,,爱情需要勇气
,,,,,,,,,永远志在四方
,,,,,,,,,Beleveyourself
,,,,,,,,,痛要忍着
,,,,,,,,,不气馁
,,,,,,,,,永不言败
,,,,,,,,,痛定思痛
,,,,,,,,,抓住机遇
,,,,,,,,,努力奔向目标
,,,,,,,,,至上励合
,,,,,,,,,好好学习
,,,,,,,,,鹏飞九万里
,,,,,,,,,白手起家
,,,,,,,,,谁会笑到最后
,,,,,,,,,和我恋吧
,,,,,,,,,风雨兼程
,,,,,,,,,梦想编织着青春
,,,,,,,,,做人要淡定
,,,,,,,,,低调做人
,,,,,,,,,高调做事
,,,,,,,,,没什么大不了
,,,,,,,,,超越梦想
,,,,,,,,,慢慢坚强
,,,,,,,,,无关痛痒
,,,,,,,,,学霸模式开启
,,,,,,,,,坚持就是胜利
,,,,,,,,,男儿当自强
,,,,,,,,,难过的时候就笑吧
,,,,,,,,,无悔我心
,,,,,,,,,有恃无恐
,,,,,,,,,下一个明天
,,,,,,,,,荔枝师
,,,,,,,,,峩想要旳未来
,,,,,,,,,黑暗过后总有光明
,,,,,,,,,抬头展望45天空
,,,,,,,,,火的信仰叫梦想
,,,,,,,,,做最好的me
,,,,,,,,,怒放的生命
,,,,,,,,,坚持
,,,,,,,,,续写青春
,,,,,,,,,放飞的风筝
,,,,,,,,,生命要继续
,,,,,,,,,何必念念不忘丶
,,,,,,,,,无悔青春
,,,,,,,,,寻梦者
,,,,,,,,,快乐丶在明天
,,,,,,,,,这点痛算什么
,,,,,,,,,我要坚强
,,,,,,,,,证明给你看
,,,,,,,,,普通不代表懦弱
,,,,,,,,,遇弱则强
,,,,,,,,,相信自己
,,,,,,,,,一切皆有可能
,,,,,,,,,咫尺的梦想
,,,,,,,,,学会抛开过去
,,,,,,,,,气可鼓不可泄
,,,,,,,,,就算累了也要坚持
,,,,,,,,,人要靠自己
,,,,,,,,,该放就放
,,,,,,,,,会考加油
,,,,,,,,,好好过生活丶
,,,,,,,,,因为我要努力了
,,,,,,,,,为将来而努力
,,,,,,,,,有志者事竟成
,,,,,,,,,天天永向上
,,,,,,,,,漫长的青春
,,,,,,,,,我在努力
,,,,,,,,,期待完美的自己
,,,,,,,,,今儿个努力
,,,,,,,,,努力
,,,,,,,,,不要放弃
,,,,,,,,,航帆直上
,,,,,,,,,白手起家命由己造
,,,,,,,,,好好活着
,,,,,,,,,重拾搁浅的梦
,,,,,,,,,只知坚持
,,,,,,,,,坚持很美
,,,,,,,,,女人u加油
,,,,,,,,,成王敗寇丶
,,,,,,,,,抬头就是阳光
,,,,,,,,,天会亮心会暖
,,,,,,,,,能笑就绝不哭
,,,,,,,,,别跟自己过不去
,,,,,,,,,抬头面对上帝
,,,,,,,,,每天只需进步一点
,,,,,,,,,青春之帆由我掌舵
,,,,,,,,,不再让梦枯萎
,,,,,,,,,贵在坚持
,,,,,,,,,期待非同凡响me
,,,,,,,,,哀大莫过于心死
,,,,,,,,,前路坎坷不言弃
,,,,,,,,,未来尽在我手
,,,,,,,,,活得潇洒一点
,,,,,,,,,浪子回头金不换
,,,,,,,,,追逐我的明天
,,,,,,,,,努力吧
,,,,,,,,,For丨丶Tomorrow
,,,,,,,,,Za坚强一点
,,,,,,,,,我输过但从未怕过
,,,,,,,,,CC化腐朽为神奇
,,,,,,,,,爱生活爱自己
,,,,,,,,,励志师
,,,,,,,,,自己努力绽放一次
,,,,,,,,,陽光總在風雨後
,,,,,,,,,我的未来NO梦
,,,,,,,,,破茧幻化成蝶
,,,,,,,,,分开不是尽头
,,,,,,,,,换个方向前进
,,,,,,,,,面朝阳光
,,,,,,,,,陌南尘
,,,,,,,,,时光偏执
,,,,,,,,,梦太阳
,,,,,,,,,大爱
,,,,,,,,,啊哒嘀
,,,,,,,,,青莳
,,,,,,,,,初弋
,,,,,,,,,落幕
,,,,,,,,,墨骨
,,,,,,,,,逗神
,,,,,,,,,冇心
,,,,,,,,,怂咖
,,,,,,,,,秀man
,,,,,,,,,深伴我
,,,,,,,,,疼碍
,,,,,,,,,z初心
,,,,,,,,,醉友
,,,,,,,,,九黎
,,,,,,,,,
,,,,,,,,,鬼魅
,,,,,,,,,凉汜
,,,,,,,,,绝地
,,,,,,,,,腐伤
,,,,,,,,,路途
,,,,,,,,,心盲
,,,,,,,,,国王
,,,,,,,,,艿籽
,,,,,,,,,
,,,,,,,,,笑渣渣
,,,,,,,,,顾及我
,,,,,,,,,星星迷
,,,,,,,,,弃梦人
,,,,,,,,,恹猫
,,,,,,,,,沉沦
,,,,,,,,,过时了
,,,,,,,,,殊同
,,,,,,,,,好远
,,,,,,,,,我寻勋
,,,,,,,,,灯角
,,,,,,,,,妖曳
,,,,,,,,,嘚瑟
,,,,,,,,,缺爱
,,,,,,,,,闹不闹
,,,,,,,,,三角酷
,,,,,,,,,愚人
,,,,,,,,,面善
,,,,,,,,,炙年
,,,,,,,,,予你
,,,,,,,,,多虑
,,,,,,,,,歪腻
,,,,,,,,,怠厌
,,,,,,,,,了无
,,,,,,,,,瑹歌
,,,,,,,,,恣情
,,,,,,,,,鹿言
,,,,,,,,,眼幕
,,,,,,,,,于坎坷
,,,,,,,,,逆亡
,,,,,,,,,孤岛
,,,,,,,,,醉爱
,,,,,,,,,己矢
,,,,,,,,,沐戈
,,,,,,,,,抽离
,,,,,,,,,莫辞
,,,,,,,,,情圣
,,,,,,,,,蓝桉
,,,,,,,,,大众脸
,,,,,,,,,梦亡
,,,,,,,,,深亡
,,,,,,,,,泪瞳
,,,,,,,,,鹿叹
,,,,,,,,,玖囚
,,,,,,,,,没差
,,,,,,,,,真约莫
,,,,,,,,,来年春
,,,,,,,,,瞎得瑟
,,,,,,,,,太阳
,,,,,,,,,青人
,,,,,,,,,冷树
,,,,,,,,,水晶
,,,,,,,,,侵我心
,,,,,,,,,神炮
,,,,,,,,,绿弧菌
,,,,,,,,,不明者
,,,,,,,,,南寂
,,,,,,,,,久驻
,,,,,,,,,心亦凉
,,,,,,,,,樵牧
,,,,,,,,,萌渣哟
,,,,,,,,,杼惘
,,,,,,,,,挽回
,,,,,,,,,忆笛
,,,,,,,,,长情
,,,,,,,,,笑霸
,,,,,,,,,凄美
,,,,,,,,,氼慦
,,,,,,,,,渡年
,,,,,,,,,凉屿
,,,,,,,,,夜未央
,,,,,,,,,吾诗心
,,,,,,,,,招厌
,,,,,,,,,挽言奶球
,,,,,,,,,侉子
,,,,,,,,,小二
,,,,,,,,,七友
,,,,,,,,,黑色系
,,,,,,,,,微爱
,,,,,,,,,校霸
,,,,,,,,,汉娘
,,,,,,,,,我惧黑
,,,,,,,,,墙吻
,,,,,,,,,命脉
,,,,,,,,,耶嘿
,,,,,,,,,痴心
,,,,,,,,,活雷疯
,,,,,,,,,滞留
,,,,,,,,,拾荒人
,,,,,,,,,心事
,,,,,,,,,画眉心
,,,,,,,,,怪美
,,,,,,,,,怪友
,,,,,,,,,笺言
,,,,,,,,,毕业季
,,,,,,,,,烟蒂
,,,,,,,,,惊恐君
,,,,,,,,,
,,,,,,,,,萌尊
,,,,,,,,,累觉
,,,,,,,,,七秒鱼
,,,,,,,,,快活
,,,,,,,,,黄后
,,,,,,,,,
,,,,,,,,,灯阑
,,,,,,,,,笑话
,,,,,,,,,闷场
,,,,,,,,,
,,,,,,,,,默默然丶
,,,,,,,,,怂容我
,,,,,,,,,暖神
,,,,,,,,,遇我
,,,,,,,,,怪人
,,,,,,,,,柠汐
,,,,,,,,,扒皮
,,,,,,,,,阿边呐
,,,,,,,,,亏克利
,,,,,,,,,七颜
,,,,,,,,,灭光
,,,,,,,,,颜控
,,,,,,,,,慵抱
,,,,,,,,,清棃
,,,,,,,,,迷潼
,,,,,,,,,日后
,,,,,,,,,卿酒酒
,,,,,,,,,潺夜
,,,,,,,,,憨货
,,,,,,,,,痛刺
,,,,,,,,,伪心
,,,,,,,,,自爱
,,,,,,,,,安然
,,,,,,,,,信仰
,,,,,,,,,苛刻
,,,,,,,,,罂粟殇
,,,,,,,,,慌拥
,,,,,,,,,瑾澜
,,,,,,,,,
,,,,,,,,,雾鸢
,,,,,,,,,寡心人
,,,,,,,,,喵呜
,,,,,,,,,柠凉
,,,,,,,,,久不愈
,,,,,,,,,半爱
,,,,,,,,,无悔
,,,,,,,,,末心
,,,,,,,,,戒撸
,,,,,,,,,边伯甜
,,,,,,,,,九栀
,,,,,,,,,烂好人
,,,,,,,,,中毒
,,,,,,,,,鱼遇海
,,,,,,,,,学糕
,,,,,,,,,蓝涩
,,,,,,,,,执拗
,,,,,,,,,玖珺
,,,,,,,,,等待
,,,,,,,,,荆棘
,,,,,,,,,庸人友
,,,,,,,,,玖念
,,,,,,,,,姽婳
,,,,,,,,,现安
,,,,,,,,,青音
,,,,,,,,,根号3
,,,,,,,,,最爱
,,,,,,,,,暗恋过
,,,,,,,,,叹梦
,,,,,,,,,失败者
,,,,,,,,,坏童话
,,,,,,,,,格格巫
,,,,,,,,,紫陌
,,,,,,,,,比格
,,,,,,,,,农民
,,,,,,,,,薄幸
,,,,,,,,,沐风
,,,,,,,,,听说
,,,,,,,,,近未来
,,,,,,,,,残羽
,,,,,,,,,约束
,,,,,,,,,揉碎
,,,,,,,,,凉末
,,,,,,,,,岁月
,,,,,,,,,似暖
,,,,,,,,,纤陌
,,,,,,,,,深切
,,,,,,,,,梦一生
,,,,,,,,,呆脸
,,,,,,,,,盲色
,,,,,,,,,森末
,,,,,,,,,大脚
,,,,,,,,,龙卷风
,,,,,,,,,谎言
,,,,,,,,,妗画
,,,,,,,,,古巷
,,,,,,,,,摘你菊
,,,,,,,,,看海
,,,,,,,,,无奈
,,,,,,,,,代名词
,,,,,,,,,再拥友
,,,,,,,,,孤败
,,,,,,,,,猫本
,,,,,,,,,倩心
,,,,,,,,,梦魇KK
,,,,,,,,,荒废
,,,,,,,,,鹿萌比
,,,,,,,,,够钟
,,,,,,,,,尸斑
,,,,,,,,,嘿呦
,,,,,,,,,弱痣
,,,,,,,,,学弱
,,,,,,,,,独涉
,,,,,,,,,耍嫩
,,,,,,,,,三爷
,,,,,,,,,微暖
,,,,,,,,,末暧
,,,,,,,,,秘密
,,,,,,,,,盲遇
,,,,,,,,,呆头
,,,,,,,,,余温
,,,,,,,,,落莲心
,,,,,,,,,不忘
,,,,,,,,,你嗨
,,,,,,,,,心梗
